,order_id,product_id,quantity,cost_price,selling_price,total_cost,total_revenue,profit
0,70331,3388,1.0,678.0,194,678.0,194,-484.0
1,77921,3297,4.0,309.0,1177,1236.0,4708,3472.0
2,71565,3438,4.0,88.0,386,352.0,1544,1192.0
3,73761,3028,2.0,269.0,1162,538.0,2324,1786.0
4,75533,3483,3.0,489.0,1408,1467.0,4224,2757.0
5,77362,3012,2.0,,1335,,2670,
6,77789,3103,3.0,372.0,866,1116.0,2598,1482.0
7,71008,3414,1.0,562.0,981,562.0,981,419.0
8,74408,3204,1.0,177.0,277,177.0,277,100.0
9,76572,3202,4.0,70.0,1047,280.0,4188,3908.0
10,74342,3319,4.0,460.0,910,1840.0,3640,1800.0
11,73683,3002,1.0,630.0,1098,630.0,1098,468.0
12,75712,3266,1.0,618.0,159,618.0,159,-459.0
13,72484,3284,1.0,274.0,155,274.0,155,-119.0
14,76010,3343,4.0,642.0,845,2568.0,3380,812.0
15,74340,3277,1.0,264.0,463,264.0,463,199.0
16,76247,3123,3.0,720.0,1396,2160.0,4188,2028.0
17,70904,3350,2.0,109.0,1265,218.0,2530,2312.0
18,75687,3262,4.0,874.0,1135,3496.0,4540,1044.0
19,76229,3204,4.0,177.0,277,708.0,1108,400.0
20,77795,3461,3.0,497.0,131,1491.0,393,-1098.0
21,77701,3473,4.0,71.0,567,284.0,2268,1984.0
22,77778,3279,1.0,95.0,180,95.0,180,85.0
23,71648,3027,1.0,819.0,1014,819.0,1014,195.0
24,74089,3316,1.0,871.0,542,871.0,542,-329.0
25,71046,3495,4.0,363.0,1047,1452.0,4188,2736.0
26,76194,3173,3.0,599.0,555,1797.0,1665,-132.0
27,73356,3048,2.0,240.0,481,480.0,962,482.0
28,73908,999999,1.0,819.0,1014,819.0,1014,195.0
29,75442,3236,3.0,489.0,102,1467.0,306,-1161.0
30,74590,3303,4.0,666.0,588,2664.0,2352,-312.0
31,70520,N/A,4.0,277.0,1003,1108.0,4012,2904.0
32,70263,3235,4.0,354.0,1085,1416.0,4340,2924.0
33,71318,3297,2.0,309.0,1177,618.0,2354,1736.0
34,75617,3379,1.0,948.0,238,948.0,238,-710.0
35,75510,3236,3.0,489.0,102,1467.0,306,-1161.0
36,77639,3408,3.0,948.0,108,2844.0,324,-2520.0
37,77062,3010,1.0,854.0,1150,854.0,1150,296.0
38,76491,3278,2.0,95.0,666,190.0,1332,1142.0
39,75974,3078,2.0,925.0,997,1850.0,1994,144.0
40,76746,3025,3.0,655.0,582,1965.0,1746,-219.0
41,75652,3152,4.0,441.0,1163,1764.0,4652,2888.0
42,77742,3407,2.0,83.0,1354,166.0,2708,2542.0
43,70922,3123,2.0,720.0,1396,1440.0,2792,1352.0
44,71125,3239,1.0,285.0,134,285.0,134,-151.0
45,76644,3199,3.0,829.0,472,2487.0,1416,-1071.0
46,70134,3402,1.0,261.0,1102,261.0,1102,841.0
47,77875,3499,4.0,190.0,517,760.0,2068,1308.0
48,72344,3010,2.0,854.0,1150,1708.0,2300,592.0
49,71319,3215,2.0,152.0,196,304.0,392,88.0
50,75002,3126,4.0,934.0,1092,3736.0,4368,632.0
51,72954,3480,3.0,782.0,1271,2346.0,3813,1467.0
52,71878,N/A,2.0,129.0,1221,258.0,2442,2184.0
53,76688,3142,1.0,295.0,835,295.0,835,540.0
54,77423,3265,3.0,86.0,947,258.0,2841,2583.0
55,74793,3492,3.0,457.0,1420,1371.0,4260,2889.0
56,75617,3367,3.0,976.0,687,2928.0,2061,-867.0
57,71356,3274,3.0,783.0,787,2349.0,2361,12.0
58,73833,3381,1.0,842.0,327,842.0,327,-515.0
59,72229,3131,4.0,290.0,928,1160.0,3712,2552.0
60,75910,3032,4.0,224.0,163,896.0,652,-244.0
61,72764,3062,4.0,660.0,981,2640.0,3924,1284.0
62,72345,3497,2.0,887.0,538,1774.0,1076,-698.0
63,72684,3477,1.0,906.0,1434,906.0,1434,528.0
64,75188,3043,4.0,461.0,528,1844.0,2112,268.0
65,74595,3025,1.0,655.0,582,655.0,582,-73.0
66,71937,3214,2.0,63.0,1305,126.0,2610,2484.0
67,75194,3280,1.0,140.0,913,140.0,913,773.0
68,71481,3311,4.0,286.0,984,1144.0,3936,2792.0
69,77340,3074,4.0,373.0,1455,1492.0,5820,4328.0
70,77752,3004,4.0,317.0,406,1268.0,1624,356.0
71,71984,3117,1.0,789.0,723,789.0,723,-66.0
72,72083,3080,3.0,728.0,1245,2184.0,3735,1551.0
73,71281,3417,4.0,550.0,1248,2200.0,4992,2792.0
74,74753,N/A,2.0,769.0,223,1538.0,446,-1092.0
75,70426,3054,3.0,150.0,576,450.0,1728,1278.0
76,70801,3114,3.0,169.0,580,507.0,1740,1233.0
77,72524,3407,1.0,83.0,1354,83.0,1354,1271.0
78,77224,3340,4.0,226.0,450,904.0,1800,896.0
79,70363,999999,4.0,267.0,281,1068.0,1124,56.0
80,74623,3466,2.0,597.0,1354,1194.0,2708,1514.0
81,72601,3433,1.0,986.0,108,986.0,108,-878.0
82,73471,3398,3.0,562.0,1463,1686.0,4389,2703.0
83,75696,3432,2.0,204.0,622,408.0,1244,836.0
84,75980,3398,2.0,562.0,1463,1124.0,2926,1802.0
85,77122,3260,,,1424,,1424,
86,74918,3229,2.0,971.0,589,1942.0,1178,-764.0
87,77078,3178,3.0,183.0,978,549.0,2934,2385.0
88,70182,3261,1.0,,1212,,1212,
89,75428,3165,3.0,218.0,520,654.0,1560,906.0
90,76593,3272,-1.0,146.0,165,438.0,495,57.0
91,76830,3129,2.0,825.0,266,1650.0,532,-1118.0
92,77096,3385,1.0,561.0,611,561.0,611,50.0
93,74206,3324,4.0,644.0,607,2576.0,2428,-148.0
94,75473,3420,3.0,876.0,1370,2628.0,4110,1482.0
95,74711,3200,1.0,496.0,1025,496.0,1025,529.0
96,75357,3117,3.0,789.0,723,2367.0,2169,-198.0
97,70638,3429,3.0,60.0,373,180.0,1119,939.0
98,75829,3435,2.0,98.0,278,196.0,556,360.0
99,71322,3237,1.0,997.0,500,997.0,500,-497.0
100,71077,3025,4.0,655.0,582,2620.0,2328,-292.0
101,71483,3216,1.0,982.0,868,982.0,868,-114.0
102,71107,3103,-1.0,372.0,866,1116.0,2598,1482.0
103,72651,3281,3.0,216.0,236,648.0,708,60.0
104,70288,3078,3.0,925.0,997,2775.0,2991,216.0
105,71118,3039,1.0,970.0,1047,970.0,1047,77.0
106,71300,3384,3.0,866.0,415,2598.0,1245,-1353.0
107,72641,3303,4.0,666.0,588,2664.0,2352,-312.0
108,71246,3096,1.0,898.0,678,898.0,678,-220.0
109,71402,prod_3072,3.0,994.0,1421,2982.0,4263,1281.0
110,73443,3118,4.0,407.0,563,1628.0,2252,624.0
111,77769,3097,4.0,568.0,951,2272.0,3804,1532.0
112,71419,3299,4.0,342.0,1158,1368.0,4632,3264.0
113,77331,3021,1.0,755.0,1386,755.0,1386,631.0
114,72195,3230,2.0,62.0,1022,124.0,2044,1920.0
115,72006,3215,2.0,152.0,196,304.0,392,88.0
116,76007,3437,1.0,633.0,816,633.0,816,183.0
117,75790,3456,-1.0,125.0,616,375.0,1848,1473.0
118,77608,N/A,4.0,467.0,277,1868.0,1108,-760.0
119,77624,3484,3.0,666.0,1294,1998.0,3882,1884.0
120,76911,3408,4.0,948.0,108,3792.0,432,-3360.0
121,76739,999999,3.0,769.0,223,2307.0,669,-1638.0
122,75436,3095,1.0,302.0,1436,302.0,1436,1134.0
123,70520,3343,1.0,642.0,845,642.0,845,203.0
124,74962,3430,2.0,965.0,942,1930.0,1884,-46.0
125,73597,3456,3.0,125.0,616,375.0,1848,1473.0
126,70197,3207,3.0,849.0,825,2547.0,2475,-72.0
127,73945,3091,2.0,544.0,111,1088.0,222,-866.0
128,76809,3335,4.0,571.0,163,2284.0,652,-1632.0
129,77307,3284,3.0,274.0,155,822.0,465,-357.0
130,75515,3142,3.0,295.0,835,885.0,2505,1620.0
131,73662,3461,2.0,497.0,131,994.0,262,-732.0
132,77324,3013,4.0,420.0,771,1680.0,3084,1404.0
133,73802,3377,2.0,352.0,1292,704.0,2584,1880.0
134,73820,3294,1.0,425.0,119,425.0,119,-306.0
135,74007,3389,4.0,431.0,983,1724.0,3932,2208.0
136,76259,3143,3.0,156.0,268,468.0,804,336.0
137,76029,3413,1.0,,625,,625,
138,72087,3266,4.0,618.0,159,2472.0,636,-1836.0
139,74189,3165,3.0,218.0,520,654.0,1560,906.0
140,71041,3213,1.0,438.0,597,438.0,597,159.0
141,76922,3278,3.0,95.0,666,285.0,1998,1713.0
142,74270,3494,3.0,929.0,946,2787.0,2838,51.0
143,70852,3183,1.0,760.0,233,760.0,233,-527.0
144,73758,3059,3.0,869.0,161,2607.0,483,-2124.0
145,77984,3333,2.0,437.0,1204,874.0,2408,1534.0
146,77538,N/A,3.0,780.0,332,2340.0,996,-1344.0
147,74309,3068,1.0,402.0,1166,402.0,1166,764.0
148,72558,3458,2.0,352.0,1270,704.0,2540,1836.0
149,74051,3139,2.0,589.0,501,1178.0,1002,-176.0
150,75630,3428,3.0,812.0,145,2436.0,435,-2001.0
151,71024,3097,1.0,568.0,951,568.0,951,383.0
152,76862,3022,1.0,580.0,670,580.0,670,90.0
153,70081,3093,2.0,501.0,927,1002.0,1854,852.0
154,71327,3212,3.0,,144,,432,
155,70943,3212,4.0,,144,,576,
156,72357,3396,1.0,932.0,328,932.0,328,-604.0
157,72879,3406,3.0,615.0,883,1845.0,2649,804.0
158,72720,3068,2.0,402.0,1166,804.0,2332,1528.0
159,70915,3463,2.0,412.0,587,824.0,1174,350.0
160,71793,3272,1.0,146.0,165,146.0,165,19.0
161,73772,3004,2.0,317.0,406,634.0,812,178.0
162,71647,3031,2.0,256.0,609,512.0,1218,706.0
163,73133,3031,4.0,256.0,609,1024.0,2436,1412.0
164,70106,3314,3.0,621.0,1195,1863.0,3585,1722.0
165,77640,3445,2.0,892.0,1124,1784.0,2248,464.0
166,76688,3243,2.0,285.0,306,570.0,612,42.0
167,75850,3239,2.0,285.0,134,570.0,268,-302.0
168,70281,3422,4.0,647.0,538,2588.0,2152,-436.0
169,76760,3003,4.0,51.0,397,204.0,1588,1384.0
170,74631,3154,4.0,732.0,412,2928.0,1648,-1280.0
171,77777,3471,4.0,467.0,161,1868.0,644,-1224.0
172,71026,3093,3.0,501.0,927,1503.0,2781,1278.0
173,71099,3316,2.0,871.0,542,1742.0,1084,-658.0
174,74826,3051,3.0,119.0,170,357.0,510,153.0
175,71114,3394,3.0,849.0,1080,2547.0,3240,693.0
176,71129,3108,1.0,926.0,718,926.0,718,-208.0
177,73670,3023,2.0,188.0,391,376.0,782,406.0
178,74968,3015,2.0,991.0,271,1982.0,542,-1440.0
179,72285,3294,3.0,425.0,119,1275.0,357,-918.0
180,75344,3081,3.0,391.0,1349,1173.0,4047,2874.0
181,75477,3357,2.0,129.0,1221,258.0,2442,2184.0
182,70529,3204,2.0,177.0,277,354.0,554,200.0
183,71649,999999,3.0,725.0,1348,2175.0,4044,1869.0
184,73393,3301,1.0,499.0,676,499.0,676,177.0
185,71091,3058,1.0,476.0,1115,476.0,1115,639.0
186,73074,3210,4.0,142.0,149,568.0,596,28.0
187,70577,3194,2.0,232.0,1418,464.0,2836,2372.0
188,74224,3128,1.0,483.0,117,483.0,117,-366.0
189,73762,3366,1.0,844.0,182,844.0,182,-662.0
190,74563,3119,4.0,297.0,306,1188.0,1224,36.0
191,74477,3021,3.0,755.0,1386,2265.0,4158,1893.0
192,76596,3164,2.0,893.0,533,1786.0,1066,-720.0
193,74358,3253,4.0,,967,,3868,
194,70522,3421,4.0,371.0,796,1484.0,3184,1700.0
195,75475,3331,4.0,147.0,401,588.0,1604,1016.0
196,77311,3474,4.0,147.0,647,588.0,2588,2000.0
197,72207,3069,3.0,326.0,632,978.0,1896,918.0
198,70625,3163,2.0,146.0,203,292.0,406,114.0
199,75539,3045,4.0,405.0,218,1620.0,872,-748.0
200,72160,3058,4.0,476.0,1115,1904.0,4460,2556.0
201,75657,3033,1.0,411.0,252,411.0,252,-159.0
202,70682,3033,4.0,411.0,252,1644.0,1008,-636.0
203,70221,3430,3.0,965.0,942,2895.0,2826,-69.0
204,73328,3314,4.0,621.0,1195,2484.0,4780,2296.0
205,71062,3202,1.0,70.0,1047,70.0,1047,977.0
206,76531,3172,4.0,364.0,178,1456.0,712,-744.0
207,71326,3430,1.0,965.0,942,965.0,942,-23.0
208,77454,3095,2.0,302.0,1436,604.0,2872,2268.0
209,70381,3457,3.0,,1407,,4221,
210,76483,3071,1.0,412.0,948,412.0,948,536.0
211,76911,3163,1.0,146.0,203,146.0,203,57.0
212,77668,3271,1.0,552.0,306,552.0,306,-246.0
213,74390,3320,4.0,918.0,1248,3672.0,4992,1320.0
214,77723,,3.0,222.0,1240,666.0,3720,3054.0
215,73358,3214,3.0,63.0,1305,189.0,3915,3726.0
216,71780,3250,1.0,528.0,1469,528.0,1469,941.0
217,75955,3229,2.0,971.0,589,1942.0,1178,-764.0
218,74575,3463,-1.0,412.0,587,1236.0,1761,525.0
219,74197,3472,2.0,817.0,190,1634.0,380,-1254.0
220,76965,3448,3.0,382.0,256,1146.0,768,-378.0
221,75759,3214,2.0,63.0,1305,126.0,2610,2484.0
222,74249,prod_3218,2.0,609.0,1024,1218.0,2048,830.0
223,72970,3222,4.0,991.0,1482,3964.0,5928,1964.0
224,75029,3451,3.0,769.0,223,2307.0,669,-1638.0
225,74484,3418,1.0,131.0,1448,131.0,1448,1317.0
226,75366,3226,1.0,424.0,996,424.0,996,572.0
227,70630,3256,3.0,871.0,1335,2613.0,4005,1392.0
228,77334,3349,2.0,434.0,812,868.0,1624,756.0
229,75164,3327,3.0,939.0,1282,2817.0,3846,1029.0
230,70028,3273,3.0,300.0,962,900.0,2886,1986.0
231,75814,3214,1.0,63.0,1305,63.0,1305,1242.0
232,76862,3476,2.0,306.0,191,612.0,382,-230.0
233,70968,3383,1.0,244.0,848,244.0,848,604.0
234,77040,3103,1.0,372.0,866,372.0,866,494.0
235,74983,3247,4.0,959.0,1414,3836.0,5656,1820.0
236,71270,3243,1.0,285.0,306,285.0,306,21.0
237,72152,3211,3.0,763.0,373,2289.0,1119,-1170.0
238,76471,3446,3.0,165.0,1150,495.0,3450,2955.0
239,77977,3092,2.0,870.0,568,1740.0,1136,-604.0
240,76407,N/A,1.0,119.0,890,119.0,890,771.0
241,73403,3226,3.0,424.0,996,1272.0,2988,1716.0
242,73837,3377,3.0,352.0,1292,1056.0,3876,2820.0
243,75281,3422,2.0,647.0,538,1294.0,1076,-218.0
244,71164,3375,1.0,410.0,493,410.0,493,83.0
245,72193,3299,4.0,342.0,1158,1368.0,4632,3264.0
246,71218,3260,3.0,,1424,,4272,
247,77713,3026,3.0,520.0,194,1560.0,582,-978.0
248,71974,3085,3.0,790.0,719,2370.0,2157,-213.0
249,70267,3194,2.0,232.0,1418,464.0,2836,2372.0
250,72800,3049,3.0,75.0,1015,225.0,3045,2820.0
251,74835,3178,1.0,183.0,978,183.0,978,795.0
252,77390,,3.0,655.0,582,1965.0,1746,-219.0
253,75195,3426,2.0,786.0,163,1572.0,326,-1246.0
254,73194,3079,1.0,280.0,603,280.0,603,323.0
255,75248,3138,4.0,838.0,1255,3352.0,5020,1668.0
256,77037,3107,3.0,950.0,1167,2850.0,3501,651.0
257,75747,3025,3.0,655.0,582,1965.0,1746,-219.0
258,77359,3493,1.0,998.0,1361,998.0,1361,363.0
259,77851,N/A,3.0,210.0,1357,630.0,4071,3441.0
260,73577,3254,2.0,173.0,347,346.0,694,348.0
261,71005,3249,3.0,294.0,759,882.0,2277,1395.0
262,71909,3135,1.0,329.0,385,329.0,385,56.0
263,73646,3213,1.0,438.0,597,438.0,597,159.0
264,77125,3450,1.0,550.0,1308,550.0,1308,758.0
265,72085,prod_3362,3.0,550.0,1266,1650.0,3798,2148.0
266,77286,3314,4.0,621.0,1195,2484.0,4780,2296.0
267,74723,3372,3.0,194.0,823,582.0,2469,1887.0
268,71350,3130,2.0,385.0,435,770.0,870,100.0
269,73526,3010,1.0,854.0,1150,854.0,1150,296.0
270,77764,3139,1.0,589.0,501,589.0,501,-88.0
271,71658,3027,2.0,819.0,1014,1638.0,2028,390.0
272,73801,3491,1.0,871.0,928,871.0,928,57.0
273,72710,3468,3.0,942.0,1300,2826.0,3900,1074.0
274,76447,3369,3.0,55.0,808,165.0,2424,2259.0
275,72913,3150,1.0,845.0,1337,845.0,1337,492.0
276,77741,3293,2.0,843.0,111,1686.0,222,-1464.0
277,74825,3021,3.0,755.0,1386,2265.0,4158,1893.0
278,73151,3232,3.0,344.0,1284,1032.0,3852,2820.0
279,71321,3075,4.0,592.0,332,2368.0,1328,-1040.0
280,75071,3083,2.0,245.0,211,490.0,422,-68.0
281,71935,3111,1.0,470.0,894,470.0,894,424.0
282,71342,3457,3.0,,1407,,4221,
283,74322,3061,3.0,953.0,677,2859.0,2031,-828.0
284,74349,3249,4.0,294.0,759,1176.0,3036,1860.0
285,75817,3296,4.0,826.0,824,3304.0,3296,-8.0
286,75383,3315,-1.0,300.0,167,600.0,334,-266.0
287,75745,3096,2.0,898.0,678,1796.0,1356,-440.0
288,72693,3444,3.0,754.0,896,2262.0,2688,426.0
289,76753,3040,3.0,739.0,846,2217.0,2538,321.0
290,70815,3310,3.0,729.0,617,2187.0,1851,-336.0
291,73119,3045,4.0,405.0,218,1620.0,872,-748.0
292,76312,3102,4.0,222.0,1240,888.0,4960,4072.0
293,76703,3234,2.0,70.0,1409,140.0,2818,2678.0
294,76377,3347,1.0,297.0,458,297.0,458,161.0
295,76537,3389,3.0,431.0,983,1293.0,2949,1656.0
296,76035,3063,1.0,688.0,190,688.0,190,-498.0
297,73580,3461,1.0,497.0,131,497.0,131,-366.0
298,70701,3342,3.0,238.0,752,714.0,2256,1542.0
299,74728,3404,2.0,222.0,646,444.0,1292,848.0
300,71511,3345,4.0,159.0,441,636.0,1764,1128.0
301,75826,3418,3.0,131.0,1448,393.0,4344,3951.0
302,74256,3270,2.0,277.0,1003,554.0,2006,1452.0
303,75208,3458,4.0,352.0,1270,1408.0,5080,3672.0
304,75401,3308,2.0,828.0,940,1656.0,1880,224.0
305,76221,3153,4.0,233.0,1403,932.0,5612,4680.0
306,76313,3249,3.0,294.0,759,882.0,2277,1395.0
307,76962,3023,1.0,188.0,391,188.0,391,203.0
308,72936,3056,2.0,822.0,139,1644.0,278,-1366.0
309,74972,3287,3.0,,1267,,3801,
310,71213,3351,2.0,519.0,1489,1038.0,2978,1940.0
311,72243,prod_3071,4.0,412.0,948,1648.0,3792,2144.0
312,77319,3103,2.0,372.0,866,744.0,1732,988.0
313,73252,3443,1.0,264.0,1263,264.0,1263,999.0
314,71830,3001,1.0,279.0,722,279.0,722,443.0
315,74695,3215,3.0,152.0,196,456.0,588,132.0
316,75242,3108,3.0,926.0,718,2778.0,2154,-624.0
317,72702,3127,3.0,384.0,1419,1152.0,4257,3105.0
318,76217,3090,4.0,897.0,727,3588.0,2908,-680.0
319,75195,3300,3.0,451.0,1353,1353.0,4059,2706.0
320,72795,3080,4.0,728.0,1245,2912.0,4980,2068.0
321,73640,3401,2.0,936.0,134,1872.0,268,-1604.0
322,74732,3337,1.0,137.0,905,137.0,905,768.0
323,70034,3445,1.0,892.0,1124,892.0,1124,232.0
324,75685,3159,4.0,924.0,1411,3696.0,5644,1948.0
325,75849,3087,1.0,675.0,839,675.0,839,164.0
326,70675,3191,2.0,380.0,1193,760.0,2386,1626.0
327,71744,3277,2.0,264.0,463,528.0,926,398.0
328,77459,3382,2.0,204.0,1079,408.0,2158,1750.0
329,72839,3160,4.0,387.0,253,1548.0,1012,-536.0
330,71477,3221,1.0,,733,,733,
331,72088,3416,4.0,814.0,773,3256.0,3092,-164.0
332,77393,3044,1.0,289.0,354,289.0,354,65.0
333,70539,3373,3.0,681.0,606,2043.0,1818,-225.0
334,72397,3210,3.0,142.0,149,426.0,447,21.0
335,75305,3099,3.0,349.0,416,1047.0,1248,201.0
336,72944,3004,4.0,317.0,406,1268.0,1624,356.0
337,77362,3152,1.0,441.0,1163,441.0,1163,722.0
338,72995,3263,3.0,315.0,1144,945.0,3432,2487.0
339,70321,3281,1.0,216.0,236,216.0,236,20.0
340,74194,3107,2.0,950.0,1167,1900.0,2334,434.0
341,77638,3461,2.0,497.0,131,994.0,262,-732.0
342,73902,999999,4.0,562.0,981,2248.0,3924,1676.0
343,75836,3360,4.0,268.0,779,1072.0,3116,2044.0
344,70740,3378,2.0,465.0,440,930.0,880,-50.0
345,74021,3240,4.0,551.0,812,2204.0,3248,1044.0
346,71692,3182,4.0,559.0,987,2236.0,3948,1712.0
347,74072,3487,3.0,,553,,1659,
348,73007,3444,1.0,754.0,896,754.0,896,142.0
349,77598,3260,4.0,,1424,,5696,
350,70802,3180,4.0,338.0,431,1352.0,1724,372.0
351,70425,,2.0,300.0,962,600.0,1924,1324.0
352,76417,3241,2.0,346.0,1012,692.0,2024,1332.0
353,75335,3268,2.0,78.0,289,156.0,578,422.0
354,72158,3487,4.0,,553,,2212,
355,72501,3057,3.0,517.0,383,1551.0,1149,-402.0
356,73284,3294,1.0,425.0,119,425.0,119,-306.0
357,73937,3069,3.0,326.0,632,978.0,1896,918.0
358,70143,3443,2.0,264.0,1263,528.0,2526,1998.0
359,73159,3005,4.0,860.0,925,3440.0,3700,260.0
360,74026,3211,3.0,763.0,373,2289.0,1119,-1170.0
361,71919,3231,2.0,,1169,,2338,
362,77077,3004,3.0,317.0,406,951.0,1218,267.0
363,70442,3226,2.0,424.0,996,848.0,1992,1144.0
364,70141,3318,4.0,145.0,805,580.0,3220,2640.0
365,74105,3450,2.0,550.0,1308,1100.0,2616,1516.0
366,70315,3461,1.0,497.0,131,497.0,131,-366.0
367,74954,3359,3.0,349.0,920,1047.0,2760,1713.0
368,74154,3480,2.0,782.0,1271,1564.0,2542,978.0
369,70826,3002,1.0,630.0,1098,630.0,1098,468.0
370,74163,3260,4.0,,1424,,5696,
371,70771,3126,1.0,934.0,1092,934.0,1092,158.0
372,70285,3201,3.0,113.0,766,339.0,2298,1959.0
373,74597,3041,2.0,541.0,1281,1082.0,2562,1480.0
374,71635,3391,4.0,78.0,1006,312.0,4024,3712.0
375,75725,3399,4.0,606.0,895,2424.0,3580,1156.0
376,74409,3011,2.0,399.0,217,798.0,434,-364.0
377,77772,3253,2.0,,967,,1934,
378,74584,3411,2.0,126.0,1119,252.0,2238,1986.0
379,77723,3149,3.0,599.0,155,1797.0,465,-1332.0
380,71075,3160,4.0,387.0,253,1548.0,1012,-536.0
381,77708,3028,4.0,269.0,1162,1076.0,4648,3572.0
382,74853,3164,3.0,893.0,533,2679.0,1599,-1080.0
383,70248,3430,2.0,965.0,942,1930.0,1884,-46.0
384,71380,3017,4.0,551.0,1154,2204.0,4616,2412.0
385,75718,3117,4.0,789.0,723,3156.0,2892,-264.0
386,73336,3095,4.0,302.0,1436,1208.0,5744,4536.0
387,73171,999999,2.0,142.0,149,284.0,298,14.0
388,71222,3457,3.0,,1407,,4221,
389,73619,3082,3.0,219.0,1050,657.0,3150,2493.0
390,75127,3160,4.0,387.0,253,1548.0,1012,-536.0
391,77112,3398,2.0,562.0,1463,1124.0,2926,1802.0
392,74253,3129,1.0,825.0,266,825.0,266,-559.0
393,74775,3410,4.0,675.0,631,2700.0,2524,-176.0
394,71718,3354,2.0,452.0,402,904.0,804,-100.0
395,73232,3094,4.0,647.0,271,2588.0,1084,-1504.0
396,71084,3304,1.0,864.0,244,864.0,244,-620.0
397,72330,3297,4.0,309.0,1177,1236.0,4708,3472.0
398,76356,3243,1.0,285.0,306,285.0,306,21.0
399,75193,3126,4.0,934.0,1092,3736.0,4368,632.0
400,70052,3257,2.0,660.0,702,1320.0,1404,84.0
401,72472,3449,3.0,,1213,,3639,
402,76653,3389,3.0,431.0,983,1293.0,2949,1656.0
403,73583,3027,4.0,819.0,1014,3276.0,4056,780.0
404,74807,3447,4.0,946.0,323,3784.0,1292,-2492.0
405,75066,3048,2.0,240.0,481,480.0,962,482.0
406,72550,3263,3.0,315.0,1144,945.0,3432,2487.0
407,70080,3074,3.0,373.0,1455,1119.0,4365,3246.0
408,76830,,3.0,218.0,520,654.0,1560,906.0
409,71007,3230,4.0,62.0,1022,248.0,4088,3840.0
410,73020,3302,2.0,149.0,963,298.0,1926,1628.0
411,75403,3006,4.0,785.0,149,3140.0,596,-2544.0
412,71062,3132,3.0,358.0,736,1074.0,2208,1134.0
413,72329,3251,2.0,813.0,1166,1626.0,2332,706.0
414,73145,3294,2.0,425.0,119,850.0,238,-612.0
415,73431,3394,2.0,849.0,1080,1698.0,2160,462.0
416,72465,3419,2.0,778.0,159,1556.0,318,-1238.0
417,71726,3192,4.0,523.0,1016,2092.0,4064,1972.0
418,75707,999999,4.0,117.0,921,468.0,3684,3216.0
419,72794,3252,1.0,273.0,423,273.0,423,150.0
420,75759,3262,1.0,874.0,1135,874.0,1135,261.0
421,71797,3461,1.0,497.0,131,497.0,131,-366.0
422,77131,3029,2.0,760.0,394,1520.0,788,-732.0
423,73585,3248,4.0,371.0,1141,1484.0,4564,3080.0
424,75816,3110,4.0,849.0,1410,3396.0,5640,2244.0
425,73747,3274,3.0,783.0,787,2349.0,2361,12.0
426,70252,3439,3.0,948.0,432,2844.0,1296,-1548.0
427,76296,3190,2.0,717.0,1458,1434.0,2916,1482.0
428,77344,3009,1.0,636.0,1075,636.0,1075,439.0
429,76575,3212,2.0,,144,,288,
430,77072,3477,3.0,906.0,1434,2718.0,4302,1584.0
431,76240,prod_3474,1.0,147.0,647,147.0,647,500.0
432,76217,3016,1.0,259.0,246,259.0,246,-13.0
433,72167,3184,1.0,371.0,1208,371.0,1208,837.0
434,73617,3398,4.0,562.0,1463,2248.0,5852,3604.0
435,72268,3471,4.0,467.0,161,1868.0,644,-1224.0
436,70621,3459,3.0,201.0,382,603.0,1146,543.0
437,71874,3307,2.0,668.0,368,1336.0,736,-600.0
438,70795,3413,2.0,,625,,1250,
439,74275,3358,2.0,898.0,1486,1796.0,2972,1176.0
440,75000,3051,1.0,119.0,170,119.0,170,51.0
441,70015,3433,1.0,986.0,108,986.0,108,-878.0
442,70157,3181,1.0,662.0,692,662.0,692,30.0
443,72649,3350,-1.0,109.0,1265,109.0,1265,1156.0
444,77080,3499,4.0,190.0,517,760.0,2068,1308.0
445,77964,3354,4.0,452.0,402,1808.0,1608,-200.0
446,70107,3307,1.0,668.0,368,668.0,368,-300.0
447,70718,3379,2.0,948.0,238,1896.0,476,-1420.0
448,77719,3168,4.0,993.0,785,3972.0,3140,-832.0
449,75372,3396,4.0,932.0,328,3728.0,1312,-2416.0
450,72011,3307,4.0,668.0,368,2672.0,1472,-1200.0
451,71392,3174,4.0,564.0,1307,2256.0,5228,2972.0
452,75681,3435,4.0,98.0,278,392.0,1112,720.0
453,71997,3061,,953.0,677,2859.0,2031,-828.0
454,76870,3383,1.0,244.0,848,244.0,848,604.0
455,72578,3011,1.0,399.0,217,399.0,217,-182.0
456,70431,3009,3.0,636.0,1075,1908.0,3225,1317.0
457,73796,3053,2.0,613.0,740,1226.0,1480,254.0
458,76546,3486,3.0,633.0,1361,1899.0,4083,2184.0
459,73926,3328,4.0,198.0,370,792.0,1480,688.0
460,75774,3120,4.0,267.0,281,1068.0,1124,56.0
461,73953,3345,4.0,159.0,441,636.0,1764,1128.0
462,77065,3341,4.0,672.0,505,2688.0,2020,-668.0
463,73082,3010,2.0,854.0,1150,1708.0,2300,592.0
464,74153,3268,4.0,78.0,289,312.0,1156,844.0
465,72724,3273,2.0,300.0,962,600.0,1924,1324.0
466,73641,3301,3.0,499.0,676,1497.0,2028,531.0
467,72048,3362,2.0,550.0,1266,1100.0,2532,1432.0
468,75037,3127,1.0,384.0,1419,384.0,1419,1035.0
469,72784,3468,3.0,942.0,1300,2826.0,3900,1074.0
470,73829,3129,4.0,825.0,266,3300.0,1064,-2236.0
471,77160,3235,4.0,354.0,1085,1416.0,4340,2924.0
472,73643,3120,1.0,267.0,281,267.0,281,14.0
473,74988,3257,1.0,660.0,702,660.0,702,42.0
474,74118,N/A,1.0,999.0,467,999.0,467,-532.0
475,76536,3246,4.0,811.0,537,3244.0,2148,-1096.0
476,74038,3077,3.0,184.0,1003,552.0,3009,2457.0
477,73282,3241,2.0,346.0,1012,692.0,2024,1332.0
478,77300,3207,3.0,849.0,825,2547.0,2475,-72.0
479,77352,3495,2.0,363.0,1047,726.0,2094,1368.0
480,73618,3399,2.0,606.0,895,1212.0,1790,578.0
481,76456,3125,1.0,565.0,1175,565.0,1175,610.0
482,77258,3104,1.0,109.0,225,109.0,225,116.0
483,76942,3209,1.0,85.0,1072,85.0,1072,987.0
484,70286,3133,1.0,962.0,840,962.0,840,-122.0
485,73947,3391,4.0,78.0,1006,312.0,4024,3712.0
486,73634,3442,3.0,575.0,550,1725.0,1650,-75.0
487,70573,3410,1.0,675.0,631,675.0,631,-44.0
488,72613,3449,3.0,,1213,,3639,
489,76395,3309,2.0,73.0,1317,146.0,2634,2488.0
490,70167,3338,3.0,594.0,1391,1782.0,4173,2391.0
491,74250,3004,4.0,317.0,406,1268.0,1624,356.0
492,73409,3305,3.0,636.0,1345,1908.0,4035,2127.0
493,75869,3161,3.0,990.0,1284,2970.0,3852,882.0
494,73519,3493,1.0,998.0,1361,998.0,1361,363.0
495,76250,3497,4.0,887.0,538,3548.0,2152,-1396.0
496,76882,3048,4.0,240.0,481,960.0,1924,964.0
497,74270,3474,3.0,147.0,647,441.0,1941,1500.0
498,70628,3273,4.0,300.0,962,1200.0,3848,2648.0
499,70327,3500,4.0,947.0,787,3788.0,3148,-640.0
500,76402,3474,4.0,147.0,647,588.0,2588,2000.0
501,73254,3226,3.0,424.0,996,1272.0,2988,1716.0
502,71921,3085,3.0,790.0,719,2370.0,2157,-213.0
503,76080,3454,4.0,819.0,670,3276.0,2680,-596.0
504,75865,999999,1.0,288.0,155,288.0,155,-133.0
505,72522,3360,3.0,268.0,779,804.0,2337,1533.0
506,70870,3027,4.0,819.0,1014,3276.0,4056,780.0
507,73587,3399,1.0,606.0,895,606.0,895,289.0
508,73716,3208,2.0,878.0,275,1756.0,550,-1206.0
509,77010,3130,4.0,385.0,435,1540.0,1740,200.0
510,74161,3028,2.0,269.0,1162,538.0,2324,1786.0
511,72337,3435,2.0,98.0,278,196.0,556,360.0
512,77897,3141,1.0,932.0,1349,932.0,1349,417.0
513,70210,3237,4.0,997.0,500,3988.0,2000,-1988.0
514,73671,3230,3.0,62.0,1022,186.0,3066,2880.0
515,75016,3331,1.0,147.0,401,147.0,401,254.0
516,77936,3001,3.0,279.0,722,837.0,2166,1329.0
517,70471,3087,3.0,675.0,839,2025.0,2517,492.0
518,77376,3184,2.0,371.0,1208,742.0,2416,1674.0
519,70719,3441,1.0,566.0,337,566.0,337,-229.0
520,72379,prod_3328,3.0,198.0,370,594.0,1110,516.0
521,70081,3230,3.0,62.0,1022,186.0,3066,2880.0
522,70518,3134,4.0,272.0,1263,1088.0,5052,3964.0
523,72401,3473,4.0,71.0,567,284.0,2268,1984.0
524,76398,3187,2.0,778.0,1374,1556.0,2748,1192.0
525,77229,3186,2.0,183.0,797,366.0,1594,1228.0
526,77375,3213,3.0,438.0,597,1314.0,1791,477.0
527,77994,3450,2.0,550.0,1308,1100.0,2616,1516.0
528,77270,3315,1.0,300.0,167,300.0,167,-133.0
529,76187,3329,1.0,782.0,502,782.0,502,-280.0
530,76839,3244,2.0,795.0,1198,1590.0,2396,806.0
531,70118,3253,2.0,,967,,1934,
532,74297,3079,1.0,280.0,603,280.0,603,323.0
533,70622,3155,4.0,354.0,235,1416.0,940,-476.0
534,76763,3198,3.0,607.0,1334,1821.0,4002,2181.0
535,73339,3422,1.0,647.0,538,647.0,538,-109.0
536,71829,3162,3.0,369.0,158,1107.0,474,-633.0
537,72583,3414,-1.0,562.0,981,1124.0,1962,838.0
538,74282,3278,4.0,95.0,666,380.0,2664,2284.0
539,77477,3444,2.0,754.0,896,1508.0,1792,284.0
540,72044,3389,1.0,431.0,983,431.0,983,552.0
541,70161,3490,2.0,703.0,216,1406.0,432,-974.0
542,75764,3278,4.0,95.0,666,380.0,2664,2284.0
543,70527,3340,4.0,226.0,450,904.0,1800,896.0
544,77500,3047,4.0,109.0,1345,436.0,5380,4944.0
545,75772,3334,-1.0,496.0,225,496.0,225,-271.0
546,74450,3207,1.0,849.0,825,849.0,825,-24.0
547,77967,3201,1.0,113.0,766,113.0,766,653.0
548,70251,3384,4.0,866.0,415,3464.0,1660,-1804.0
549,73071,3367,4.0,976.0,687,3904.0,2748,-1156.0
550,70181,3275,1.0,565.0,1094,565.0,1094,529.0
551,72610,3176,4.0,180.0,872,720.0,3488,2768.0
552,75385,3232,2.0,344.0,1284,688.0,2568,1880.0
553,76627,3161,2.0,990.0,1284,1980.0,2568,588.0
554,73852,3010,3.0,854.0,1150,2562.0,3450,888.0
555,73886,3294,2.0,425.0,119,850.0,238,-612.0
556,71462,N/A,2.0,131.0,1448,262.0,2896,2634.0
557,77301,3405,3.0,933.0,1423,2799.0,4269,1470.0
558,77908,3007,1.0,213.0,1308,213.0,1308,1095.0
559,72784,3258,3.0,269.0,1082,807.0,3246,2439.0
560,73039,3136,3.0,491.0,623,1473.0,1869,396.0
561,71248,3194,3.0,232.0,1418,696.0,4254,3558.0
562,77503,3227,1.0,799.0,631,799.0,631,-168.0
563,71809,3353,4.0,388.0,892,1552.0,3568,2016.0
564,74102,3338,1.0,594.0,1391,594.0,1391,797.0
565,75377,3077,4.0,184.0,1003,736.0,4012,3276.0
566,73453,3153,2.0,233.0,1403,466.0,2806,2340.0
567,74527,3256,1.0,871.0,1335,871.0,1335,464.0
568,70180,3402,4.0,261.0,1102,1044.0,4408,3364.0
569,77220,3376,2.0,413.0,1405,826.0,2810,1984.0
570,77286,3338,1.0,594.0,1391,594.0,1391,797.0
571,73054,3050,2.0,467.0,1394,934.0,2788,1854.0
572,74553,3441,1.0,566.0,337,566.0,337,-229.0
573,74634,3496,1.0,493.0,668,493.0,668,175.0
574,70759,3247,3.0,959.0,1414,2877.0,4242,1365.0
575,73625,3382,4.0,204.0,1079,816.0,4316,3500.0
576,74987,3286,3.0,826.0,549,2478.0,1647,-831.0
577,71254,3426,1.0,786.0,163,786.0,163,-623.0
578,72175,3066,2.0,299.0,1042,598.0,2084,1486.0
579,72942,3234,1.0,70.0,1409,70.0,1409,1339.0
580,76642,3495,3.0,363.0,1047,1089.0,3141,2052.0
581,75470,3430,1.0,965.0,942,965.0,942,-23.0
582,73209,3029,2.0,760.0,394,1520.0,788,-732.0
583,73589,3170,4.0,371.0,410,1484.0,1640,156.0
584,70551,3290,1.0,639.0,148,639.0,148,-491.0
585,70768,3473,1.0,71.0,567,71.0,567,496.0
586,74648,3490,4.0,703.0,216,2812.0,864,-1948.0
587,70924,3252,1.0,273.0,423,273.0,423,150.0
588,70807,3445,1.0,892.0,1124,892.0,1124,232.0
589,76132,3237,1.0,997.0,500,997.0,500,-497.0
590,77148,3119,1.0,297.0,306,297.0,306,9.0
591,71894,3483,1.0,489.0,1408,489.0,1408,919.0
592,73191,3369,3.0,55.0,808,165.0,2424,2259.0
593,71530,3195,2.0,847.0,255,1694.0,510,-1184.0
594,75077,3168,3.0,993.0,785,2979.0,2355,-624.0
595,77269,3161,2.0,990.0,1284,1980.0,2568,588.0
596,72381,3485,4.0,178.0,1062,712.0,4248,3536.0
597,77182,3322,4.0,108.0,270,432.0,1080,648.0
598,76356,3107,3.0,950.0,1167,2850.0,3501,651.0
599,76207,3302,3.0,149.0,963,447.0,2889,2442.0
600,77702,3428,1.0,812.0,145,812.0,145,-667.0
601,72524,3238,4.0,619.0,1227,2476.0,4908,2432.0
602,73236,3379,2.0,948.0,238,1896.0,476,-1420.0
603,71268,3130,3.0,385.0,435,1155.0,1305,150.0
604,75608,3495,3.0,363.0,1047,1089.0,3141,2052.0
605,76263,3172,4.0,364.0,178,1456.0,712,-744.0
606,73224,3136,1.0,491.0,623,491.0,623,132.0
607,77890,3489,2.0,117.0,921,234.0,1842,1608.0
608,73892,3345,2.0,159.0,441,318.0,882,564.0
609,77266,N/A,1.0,829.0,472,829.0,472,-357.0
610,75869,3188,3.0,526.0,461,1578.0,1383,-195.0
611,74692,3183,1.0,760.0,233,760.0,233,-527.0
612,74834,3207,2.0,849.0,825,1698.0,1650,-48.0
613,77636,3367,4.0,976.0,687,3904.0,2748,-1156.0
614,74189,3324,1.0,644.0,607,644.0,607,-37.0
615,76707,3479,4.0,295.0,352,1180.0,1408,228.0
616,72973,3104,3.0,109.0,225,327.0,675,348.0
617,71416,3017,2.0,551.0,1154,1102.0,2308,1206.0
618,75455,3109,3.0,451.0,448,1353.0,1344,-9.0
619,74528,3191,3.0,380.0,1193,1140.0,3579,2439.0
620,77800,3021,4.0,755.0,1386,3020.0,5544,2524.0
621,74335,3324,2.0,644.0,607,1288.0,1214,-74.0
622,73212,3338,4.0,594.0,1391,2376.0,5564,3188.0
623,75952,3229,4.0,971.0,589,3884.0,2356,-1528.0
624,77051,3110,-1.0,849.0,1410,3396.0,5640,2244.0
625,76693,3432,2.0,204.0,622,408.0,1244,836.0
626,72108,,2.0,352.0,1292,704.0,2584,1880.0
627,76576,3470,4.0,655.0,176,2620.0,704,-1916.0
628,71054,3061,1.0,953.0,677,953.0,677,-276.0
629,71736,3206,2.0,604.0,1340,1208.0,2680,1472.0
630,73986,3253,3.0,,967,,2901,
631,72001,3284,1.0,274.0,155,274.0,155,-119.0
632,73788,3195,3.0,847.0,255,2541.0,765,-1776.0
633,70429,3478,1.0,295.0,736,295.0,736,441.0
634,71090,3424,1.0,528.0,1384,528.0,1384,856.0
635,74610,3375,2.0,410.0,493,820.0,986,166.0
636,76609,3085,1.0,790.0,719,790.0,719,-71.0
637,72145,3489,2.0,117.0,921,234.0,1842,1608.0
638,76058,3408,3.0,948.0,108,2844.0,324,-2520.0
639,77442,3224,4.0,587.0,273,2348.0,1092,-1256.0
640,76420,3336,3.0,312.0,1460,936.0,4380,3444.0
641,72620,3029,4.0,760.0,394,3040.0,1576,-1464.0
642,75594,3323,1.0,85.0,1022,85.0,1022,937.0
643,72926,3115,3.0,273.0,1435,819.0,4305,3486.0
644,77509,3227,4.0,799.0,631,3196.0,2524,-672.0
645,75733,3480,1.0,782.0,1271,782.0,1271,489.0
646,76037,3200,2.0,496.0,1025,992.0,2050,1058.0
647,74221,3406,1.0,615.0,883,615.0,883,268.0
648,75157,3237,2.0,997.0,500,1994.0,1000,-994.0
649,73452,3139,3.0,589.0,501,1767.0,1503,-264.0
650,71504,3213,4.0,438.0,597,1752.0,2388,636.0
651,75764,3297,,309.0,1177,1236.0,4708,3472.0
652,77000,3273,2.0,300.0,962,600.0,1924,1324.0
653,75010,3082,2.0,219.0,1050,438.0,2100,1662.0
654,71619,3284,4.0,274.0,155,1096.0,620,-476.0
655,73761,3104,,109.0,225,218.0,450,232.0
656,70538,3353,2.0,388.0,892,776.0,1784,1008.0
657,71825,3408,1.0,948.0,108,948.0,108,-840.0
658,76433,3148,4.0,845.0,1025,3380.0,4100,720.0
659,77367,3280,2.0,140.0,913,280.0,1826,1546.0
660,77795,3131,4.0,290.0,928,1160.0,3712,2552.0
661,72173,3003,4.0,51.0,397,204.0,1588,1384.0
662,75160,3105,2.0,421.0,816,842.0,1632,790.0
663,73430,3066,2.0,299.0,1042,598.0,2084,1486.0
664,76089,3431,4.0,236.0,610,944.0,2440,1496.0
665,72806,3156,2.0,363.0,592,726.0,1184,458.0
666,74567,3221,1.0,,733,,733,
667,73943,3260,1.0,,1424,,1424,
668,73827,3327,2.0,939.0,1282,1878.0,2564,686.0
669,76276,3047,2.0,109.0,1345,218.0,2690,2472.0
670,70814,3059,4.0,869.0,161,3476.0,644,-2832.0
671,76571,3170,4.0,371.0,410,1484.0,1640,156.0
672,76862,3235,1.0,354.0,1085,354.0,1085,731.0
673,76326,3461,4.0,497.0,131,1988.0,524,-1464.0
674,74300,3115,2.0,273.0,1435,546.0,2870,2324.0
675,76765,3022,4.0,580.0,670,2320.0,2680,360.0
676,73158,3261,1.0,,1212,,1212,
677,72763,3331,1.0,147.0,401,147.0,401,254.0
678,71679,3025,1.0,655.0,582,655.0,582,-73.0
679,76911,3135,1.0,329.0,385,329.0,385,56.0
680,74493,3345,1.0,159.0,441,159.0,441,282.0
681,70076,3048,1.0,240.0,481,240.0,481,241.0
682,75514,3229,3.0,971.0,589,2913.0,1767,-1146.0
683,72423,3433,1.0,986.0,108,986.0,108,-878.0
684,73873,3166,1.0,440.0,823,440.0,823,383.0
685,70170,3196,2.0,189.0,881,378.0,1762,1384.0
686,74210,3296,1.0,826.0,824,826.0,824,-2.0
687,71233,3016,2.0,259.0,246,518.0,492,-26.0
688,77465,3160,1.0,387.0,253,387.0,253,-134.0
689,73663,3360,4.0,268.0,779,1072.0,3116,2044.0
690,77458,3152,3.0,441.0,1163,1323.0,3489,2166.0
691,75925,3262,3.0,874.0,1135,2622.0,3405,783.0
692,70614,3424,3.0,528.0,1384,1584.0,4152,2568.0
693,77587,3153,2.0,233.0,1403,466.0,2806,2340.0
694,76200,,1.0,969.0,560,969.0,560,-409.0
695,71160,3107,4.0,950.0,1167,3800.0,4668,868.0
696,76112,3426,1.0,786.0,163,786.0,163,-623.0
697,74585,3122,3.0,781.0,1454,2343.0,4362,2019.0
698,76874,3013,3.0,420.0,771,1260.0,2313,1053.0
699,76406,3262,2.0,874.0,1135,1748.0,2270,522.0
700,71139,3198,1.0,607.0,1334,607.0,1334,727.0
701,77431,3005,2.0,860.0,925,1720.0,1850,130.0
702,76356,3481,4.0,931.0,1392,3724.0,5568,1844.0
703,70567,3389,2.0,431.0,983,862.0,1966,1104.0
704,73833,3116,4.0,801.0,155,3204.0,620,-2584.0
705,70437,3017,1.0,551.0,1154,551.0,1154,603.0
706,72241,3233,4.0,545.0,704,2180.0,2816,636.0
707,70010,3290,2.0,639.0,148,1278.0,296,-982.0
708,77807,3031,2.0,256.0,609,512.0,1218,706.0
709,77065,3167,2.0,592.0,1072,1184.0,2144,960.0
710,74728,3415,1.0,155.0,145,155.0,145,-10.0
711,75930,3193,2.0,616.0,392,1232.0,784,-448.0
712,71038,3294,3.0,425.0,119,1275.0,357,-918.0
713,77952,3437,3.0,633.0,816,1899.0,2448,549.0
714,74053,3413,1.0,,625,,625,
715,75442,3051,3.0,119.0,170,357.0,510,153.0
716,73141,prod_3294,1.0,425.0,119,425.0,119,-306.0
717,72797,3018,4.0,371.0,491,1484.0,1964,480.0
718,72005,3112,1.0,994.0,1472,994.0,1472,478.0
719,73099,3061,1.0,953.0,677,953.0,677,-276.0
720,75536,3417,3.0,550.0,1248,1650.0,3744,2094.0
721,73275,N/A,4.0,,1335,,5340,
722,77103,3314,4.0,621.0,1195,2484.0,4780,2296.0
723,71775,3315,4.0,300.0,167,1200.0,668,-532.0
724,75237,3327,1.0,939.0,1282,939.0,1282,343.0
725,70456,3473,4.0,71.0,567,284.0,2268,1984.0
726,74527,3129,3.0,825.0,266,2475.0,798,-1677.0
727,75533,3447,4.0,946.0,323,3784.0,1292,-2492.0
728,77199,3141,1.0,932.0,1349,932.0,1349,417.0
729,76487,3001,1.0,279.0,722,279.0,722,443.0
730,74097,3008,2.0,213.0,352,426.0,704,278.0
731,72015,3066,2.0,299.0,1042,598.0,2084,1486.0
732,75813,3142,4.0,295.0,835,1180.0,3340,2160.0
733,74700,3335,1.0,571.0,163,571.0,163,-408.0
734,77592,3274,2.0,783.0,787,1566.0,1574,8.0
735,76674,3146,3.0,667.0,1045,2001.0,3135,1134.0
736,70199,3413,1.0,,625,,625,
737,76747,3045,2.0,405.0,218,810.0,436,-374.0
738,72409,3298,4.0,288.0,155,1152.0,620,-532.0
739,75422,3224,4.0,587.0,273,2348.0,1092,-1256.0
740,71644,3454,1.0,819.0,670,819.0,670,-149.0
741,71101,3348,4.0,733.0,752,2932.0,3008,76.0
742,73367,3276,2.0,397.0,376,794.0,752,-42.0
743,76299,3429,3.0,60.0,373,180.0,1119,939.0
744,72863,3001,4.0,279.0,722,1116.0,2888,1772.0
745,71367,3204,3.0,177.0,277,531.0,831,300.0
746,70394,3274,3.0,783.0,787,2349.0,2361,12.0
747,77032,3004,2.0,317.0,406,634.0,812,178.0
748,71684,3450,4.0,550.0,1308,2200.0,5232,3032.0
749,77377,999999,2.0,297.0,458,594.0,916,322.0
750,73421,3412,4.0,82.0,1189,328.0,4756,4428.0
751,70128,3473,3.0,71.0,567,213.0,1701,1488.0
752,76454,3143,1.0,156.0,268,156.0,268,112.0
753,74161,3004,-1.0,317.0,406,317.0,406,89.0
754,74064,3125,2.0,565.0,1175,1130.0,2350,1220.0
755,76929,3342,2.0,238.0,752,476.0,1504,1028.0
756,74605,3342,1.0,238.0,752,238.0,752,514.0
757,71727,3394,1.0,849.0,1080,849.0,1080,231.0
758,77057,3400,3.0,108.0,918,324.0,2754,2430.0
759,71784,3238,2.0,619.0,1227,1238.0,2454,1216.0
760,70097,3440,4.0,663.0,1428,2652.0,5712,3060.0
761,74810,,2.0,866.0,415,1732.0,830,-902.0
762,70378,3016,1.0,259.0,246,259.0,246,-13.0
763,77557,3497,2.0,887.0,538,1774.0,1076,-698.0
764,76871,3021,1.0,755.0,1386,755.0,1386,631.0
765,72503,3049,3.0,75.0,1015,225.0,3045,2820.0
766,72769,3487,4.0,,553,,2212,
767,74378,3014,2.0,686.0,650,1372.0,1300,-72.0
768,71127,3295,4.0,999.0,467,3996.0,1868,-2128.0
769,70024,prod_3127,3.0,384.0,1419,1152.0,4257,3105.0
770,75817,3412,3.0,82.0,1189,246.0,3567,3321.0
771,76543,3107,2.0,950.0,1167,1900.0,2334,434.0
772,76535,3397,2.0,61.0,766,122.0,1532,1410.0
773,71702,3371,3.0,737.0,458,2211.0,1374,-837.0
774,75610,3344,2.0,660.0,1014,1320.0,2028,708.0
775,71999,3369,3.0,55.0,808,165.0,2424,2259.0
776,76170,3100,2.0,735.0,569,1470.0,1138,-332.0
777,75721,3095,1.0,302.0,1436,302.0,1436,1134.0
778,72969,3075,4.0,592.0,332,2368.0,1328,-1040.0
779,75264,3198,3.0,607.0,1334,1821.0,4002,2181.0
780,70257,3021,2.0,755.0,1386,1510.0,2772,1262.0
781,71128,3381,1.0,842.0,327,842.0,327,-515.0
782,74790,3091,2.0,544.0,111,1088.0,222,-866.0
783,75148,3338,4.0,594.0,1391,2376.0,5564,3188.0
784,72603,3116,1.0,801.0,155,801.0,155,-646.0
785,76973,3286,3.0,826.0,549,2478.0,1647,-831.0
786,73684,3384,4.0,866.0,415,3464.0,1660,-1804.0
787,76533,3316,2.0,871.0,542,1742.0,1084,-658.0
788,76385,3455,2.0,261.0,813,522.0,1626,1104.0
789,70720,3285,1.0,190.0,1460,190.0,1460,1270.0
790,70336,3491,3.0,871.0,928,2613.0,2784,171.0
791,75262,3395,1.0,696.0,786,696.0,786,90.0
792,70960,3145,2.0,591.0,1387,1182.0,2774,1592.0
793,76162,3054,3.0,150.0,576,450.0,1728,1278.0
794,71901,3310,2.0,729.0,617,1458.0,1234,-224.0
795,76477,3444,2.0,754.0,896,1508.0,1792,284.0
796,72477,3449,2.0,,1213,,2426,
797,77305,3459,4.0,201.0,382,804.0,1528,724.0
798,77080,3183,,760.0,233,1520.0,466,-1054.0
799,74482,3282,2.0,106.0,812,212.0,1624,1412.0
800,76479,3356,3.0,194.0,861,582.0,2583,2001.0
801,74694,3166,4.0,440.0,823,1760.0,3292,1532.0
802,75351,3108,3.0,926.0,718,2778.0,2154,-624.0
803,75890,3132,3.0,358.0,736,1074.0,2208,1134.0
804,74454,3451,1.0,769.0,223,769.0,223,-546.0
805,75951,3168,2.0,993.0,785,1986.0,1570,-416.0
806,73720,3137,1.0,429.0,369,429.0,369,-60.0
807,70324,3396,4.0,932.0,328,3728.0,1312,-2416.0
808,74952,3064,4.0,351.0,817,1404.0,3268,1864.0
809,73102,3030,1.0,877.0,209,877.0,209,-668.0
810,72319,3051,2.0,119.0,170,238.0,340,102.0
811,75952,3131,4.0,290.0,928,1160.0,3712,2552.0
812,75233,3319,2.0,460.0,910,920.0,1820,900.0
813,76253,3480,2.0,782.0,1271,1564.0,2542,978.0
814,73225,3262,2.0,874.0,1135,1748.0,2270,522.0
815,71352,3085,2.0,790.0,719,1580.0,1438,-142.0
816,73747,prod_3053,1.0,613.0,740,613.0,740,127.0
817,77894,3460,4.0,725.0,1348,2900.0,5392,2492.0
818,72357,3036,1.0,149.0,401,149.0,401,252.0
819,71357,3011,1.0,399.0,217,399.0,217,-182.0
820,75622,3063,2.0,688.0,190,1376.0,380,-996.0
821,71435,3401,2.0,936.0,134,1872.0,268,-1604.0
822,74421,3427,3.0,515.0,805,1545.0,2415,870.0
823,74165,999999,2.0,363.0,1047,726.0,2094,1368.0
824,75782,3183,1.0,760.0,233,760.0,233,-527.0
825,72482,3462,2.0,445.0,1165,890.0,2330,1440.0
826,74426,prod_3443,4.0,264.0,1263,1056.0,5052,3996.0
827,72943,3485,3.0,178.0,1062,534.0,3186,2652.0
828,73175,3047,3.0,109.0,1345,327.0,4035,3708.0
829,72510,3088,2.0,462.0,1080,924.0,2160,1236.0
830,71203,3413,4.0,,625,,2500,
831,76976,3443,2.0,264.0,1263,528.0,2526,1998.0
832,75501,3212,4.0,,144,,576,
833,75066,3308,4.0,828.0,940,3312.0,3760,448.0
834,76824,3012,1.0,,1335,,1335,
835,77069,3463,2.0,412.0,587,824.0,1174,350.0
836,77609,3478,4.0,295.0,736,1180.0,2944,1764.0
837,72942,3322,2.0,108.0,270,216.0,540,324.0
838,76495,3231,1.0,,1169,,1169,
839,75773,999999,1.0,932.0,1349,932.0,1349,417.0
840,70967,3318,2.0,145.0,805,290.0,1610,1320.0
841,77202,3205,2.0,533.0,223,1066.0,446,-620.0
842,71109,3403,4.0,710.0,711,2840.0,2844,4.0
843,77307,3007,1.0,213.0,1308,213.0,1308,1095.0
844,74136,3084,4.0,949.0,1084,3796.0,4336,540.0
845,77922,3481,4.0,931.0,1392,3724.0,5568,1844.0
846,72353,3071,3.0,412.0,948,1236.0,2844,1608.0
847,77267,3129,1.0,825.0,266,825.0,266,-559.0
848,73979,3373,4.0,681.0,606,2724.0,2424,-300.0
849,76343,3083,2.0,245.0,211,490.0,422,-68.0
850,77721,3359,2.0,349.0,920,698.0,1840,1142.0
851,73888,prod_3470,4.0,655.0,176,2620.0,704,-1916.0
852,72627,3319,2.0,460.0,910,920.0,1820,900.0
853,74801,3499,2.0,190.0,517,380.0,1034,654.0
854,74570,3175,1.0,850.0,605,850.0,605,-245.0
855,72674,prod_3372,2.0,194.0,823,388.0,1646,1258.0
856,76175,3278,1.0,95.0,666,95.0,666,571.0
857,74668,3473,3.0,71.0,567,213.0,1701,1488.0
858,76562,3470,3.0,655.0,176,1965.0,528,-1437.0
859,72772,3046,3.0,683.0,836,2049.0,2508,459.0
860,76414,3252,3.0,273.0,423,819.0,1269,450.0
861,70611,3311,-1.0,286.0,984,286.0,984,698.0
862,70443,3455,4.0,261.0,813,1044.0,3252,2208.0
863,75396,3433,2.0,986.0,108,1972.0,216,-1756.0
864,76573,3327,,939.0,1282,939.0,1282,343.0
865,74740,3187,4.0,778.0,1374,3112.0,5496,2384.0
866,73960,3364,-1.0,129.0,1463,516.0,5852,5336.0
867,72176,3400,1.0,108.0,918,108.0,918,810.0
868,72795,3302,4.0,149.0,963,596.0,3852,3256.0
869,76024,3396,3.0,932.0,328,2796.0,984,-1812.0
870,73303,3005,4.0,860.0,925,3440.0,3700,260.0
871,72616,3292,2.0,369.0,608,738.0,1216,478.0
872,76825,3308,3.0,828.0,940,2484.0,2820,336.0
873,75079,3113,2.0,493.0,997,986.0,1994,1008.0
874,71530,3389,1.0,431.0,983,431.0,983,552.0
875,74447,3175,1.0,850.0,605,850.0,605,-245.0
876,74804,3019,3.0,331.0,747,993.0,2241,1248.0
877,71698,3495,4.0,363.0,1047,1452.0,4188,2736.0
878,77943,3021,4.0,755.0,1386,3020.0,5544,2524.0
879,77215,3267,3.0,738.0,892,2214.0,2676,462.0
880,71827,3403,4.0,710.0,711,2840.0,2844,4.0
881,75360,3153,1.0,233.0,1403,233.0,1403,1170.0
882,75199,3098,3.0,88.0,1210,264.0,3630,3366.0
883,76603,3348,1.0,733.0,752,733.0,752,19.0
884,73734,3076,4.0,589.0,196,2356.0,784,-1572.0
885,73218,3363,4.0,535.0,283,2140.0,1132,-1008.0
886,77913,3342,1.0,238.0,752,238.0,752,514.0
887,72739,3183,2.0,760.0,233,1520.0,466,-1054.0
888,73221,3150,4.0,845.0,1337,3380.0,5348,1968.0
889,71721,3279,2.0,95.0,180,190.0,360,170.0
890,73545,3068,3.0,402.0,1166,1206.0,3498,2292.0
891,73428,3320,4.0,918.0,1248,3672.0,4992,1320.0
892,71726,3277,3.0,264.0,463,792.0,1389,597.0
893,73608,3240,3.0,551.0,812,1653.0,2436,783.0
894,74706,3453,2.0,856.0,1000,1712.0,2000,288.0
895,72706,3224,1.0,587.0,273,587.0,273,-314.0
896,77622,3339,2.0,375.0,1217,750.0,2434,1684.0
897,77522,3093,3.0,501.0,927,1503.0,2781,1278.0
898,71253,3225,3.0,401.0,1379,1203.0,4137,2934.0
899,72387,3176,2.0,180.0,872,360.0,1744,1384.0
900,71947,3302,2.0,149.0,963,298.0,1926,1628.0
901,72024,3314,2.0,621.0,1195,1242.0,2390,1148.0
902,70910,N/A,4.0,98.0,278,392.0,1112,720.0
903,70219,3287,3.0,,1267,,3801,
904,75340,3350,3.0,109.0,1265,327.0,3795,3468.0
905,70416,999999,3.0,686.0,650,2058.0,1950,-108.0
906,74865,3159,2.0,924.0,1411,1848.0,2822,974.0
907,72107,3072,3.0,994.0,1421,2982.0,4263,1281.0
908,74771,3483,2.0,489.0,1408,978.0,2816,1838.0
909,72429,3390,3.0,857.0,642,2571.0,1926,-645.0
910,75119,3296,2.0,826.0,824,1652.0,1648,-4.0
911,73952,N/A,4.0,635.0,882,2540.0,3528,988.0
912,76267,3465,2.0,885.0,1408,1770.0,2816,1046.0
913,70835,999999,3.0,550.0,374,1650.0,1122,-528.0
914,76264,3040,4.0,739.0,846,2956.0,3384,428.0
915,71280,3170,1.0,371.0,410,371.0,410,39.0
916,74277,3144,4.0,719.0,1133,2876.0,4532,1656.0
917,72592,3125,,565.0,1175,2260.0,4700,2440.0
918,72328,999999,2.0,898.0,678,1796.0,1356,-440.0
919,74778,3437,4.0,633.0,816,2532.0,3264,732.0
920,77383,3171,3.0,780.0,332,2340.0,996,-1344.0
921,73840,3307,3.0,668.0,368,2004.0,1104,-900.0
922,70605,3225,3.0,401.0,1379,1203.0,4137,2934.0
923,77650,3291,3.0,594.0,676,1782.0,2028,246.0
924,70361,3383,4.0,244.0,848,976.0,3392,2416.0
925,75833,3357,2.0,129.0,1221,258.0,2442,2184.0
926,71808,3024,4.0,,876,,3504,
927,73004,3089,3.0,413.0,825,1239.0,2475,1236.0
928,77976,3403,3.0,710.0,711,2130.0,2133,3.0
929,74874,3080,3.0,728.0,1245,2184.0,3735,1551.0
930,76118,3480,1.0,782.0,1271,782.0,1271,489.0
931,70119,3362,3.0,550.0,1266,1650.0,3798,2148.0
932,72473,3132,2.0,358.0,736,716.0,1472,756.0
933,77022,3469,3.0,766.0,593,2298.0,1779,-519.0
934,72058,3095,4.0,302.0,1436,1208.0,5744,4536.0
935,71895,3274,1.0,783.0,787,783.0,787,4.0
936,75186,3397,3.0,61.0,766,183.0,2298,2115.0
937,75806,3125,1.0,565.0,1175,565.0,1175,610.0
938,75899,3069,1.0,326.0,632,326.0,632,306.0
939,70468,3023,4.0,188.0,391,752.0,1564,812.0
940,71262,3436,1.0,753.0,1419,753.0,1419,666.0
941,75199,3036,3.0,149.0,401,447.0,1203,756.0
942,74621,3320,4.0,918.0,1248,3672.0,4992,1320.0
943,73767,3148,1.0,845.0,1025,845.0,1025,180.0
944,70633,3132,1.0,358.0,736,358.0,736,378.0
945,72850,3455,4.0,261.0,813,1044.0,3252,2208.0
946,72992,3239,2.0,285.0,134,570.0,268,-302.0
947,70756,3331,2.0,147.0,401,294.0,802,508.0
948,74323,3209,4.0,85.0,1072,340.0,4288,3948.0
949,75594,3223,2.0,315.0,1057,630.0,2114,1484.0
950,77276,3029,1.0,760.0,394,760.0,394,-366.0
951,73480,3141,4.0,932.0,1349,3728.0,5396,1668.0
952,70549,3272,3.0,146.0,165,438.0,495,57.0
953,77654,3495,1.0,363.0,1047,363.0,1047,684.0
954,73120,3461,2.0,497.0,131,994.0,262,-732.0
955,76231,3039,2.0,970.0,1047,1940.0,2094,154.0
956,77751,3001,2.0,279.0,722,558.0,1444,886.0
957,75127,3081,2.0,391.0,1349,782.0,2698,1916.0
958,74583,3207,2.0,849.0,825,1698.0,1650,-48.0
959,76183,3239,4.0,285.0,134,1140.0,536,-604.0
960,73802,3208,2.0,878.0,275,1756.0,550,-1206.0
961,72502,3392,2.0,576.0,581,1152.0,1162,10.0
962,74847,3345,2.0,159.0,441,318.0,882,564.0
963,71984,3342,2.0,238.0,752,476.0,1504,1028.0
964,71659,3077,1.0,184.0,1003,184.0,1003,819.0
965,74625,3398,3.0,562.0,1463,1686.0,4389,2703.0
966,75661,3027,1.0,819.0,1014,819.0,1014,195.0
967,70615,3031,2.0,256.0,609,512.0,1218,706.0
968,72400,3151,4.0,565.0,721,2260.0,2884,624.0
969,74130,3256,4.0,871.0,1335,3484.0,5340,1856.0
970,75398,3175,2.0,850.0,605,1700.0,1210,-490.0
971,73215,3467,3.0,604.0,1443,1812.0,4329,2517.0
972,73333,3317,1.0,432.0,1241,432.0,1241,809.0
973,71225,prod_3271,3.0,552.0,306,1656.0,918,-738.0
974,77467,3183,4.0,760.0,233,3040.0,932,-2108.0
975,70143,3052,4.0,956.0,124,3824.0,496,-3328.0
976,71157,3078,1.0,925.0,997,925.0,997,72.0
977,74894,3489,4.0,117.0,921,468.0,3684,3216.0
978,70013,3049,2.0,75.0,1015,150.0,2030,1880.0
979,74860,3418,4.0,131.0,1448,524.0,5792,5268.0
980,72228,3206,2.0,604.0,1340,1208.0,2680,1472.0
981,73640,3298,2.0,288.0,155,576.0,310,-266.0
982,72344,3086,2.0,956.0,465,1912.0,930,-982.0
983,70556,3139,3.0,589.0,501,1767.0,1503,-264.0
984,76939,3209,3.0,85.0,1072,255.0,3216,2961.0
985,71013,3199,4.0,829.0,472,3316.0,1888,-1428.0
986,74930,3480,1.0,782.0,1271,782.0,1271,489.0
987,77172,3352,1.0,974.0,1163,974.0,1163,189.0
988,73529,3133,1.0,962.0,840,962.0,840,-122.0
989,72383,3425,2.0,381.0,695,762.0,1390,628.0
990,73340,3465,1.0,885.0,1408,885.0,1408,523.0
991,76497,3068,2.0,402.0,1166,804.0,2332,1528.0
992,74011,3409,4.0,,252,,1008,
993,77652,prod_3268,3.0,78.0,289,234.0,867,633.0
994,75007,3024,4.0,,876,,3504,
995,72286,3014,3.0,686.0,650,2058.0,1950,-108.0
996,70821,3303,1.0,666.0,588,666.0,588,-78.0
997,75818,3296,3.0,826.0,824,2478.0,2472,-6.0
998,75669,3164,1.0,893.0,533,893.0,533,-360.0
999,70023,3039,1.0,970.0,1047,970.0,1047,77.0
