,order_id,customer_id,order_date,total_amount,discount,payment_method,order_status
0,70001,11183,2021-01-01 00:00:00,1467,0,Credit Card,Cancelled
1,70002,11259,2021-01-01 01:00:00,1838,10,Bank Transfer,Completed
2,70003,11502,2021-01-01 02:00:00,1671,15,Bank Transfer,Completed
3,70004,11927,2021-01-01 03:00:00,681,20,Credit Card,Completed
4,70005,10408,2021-01-01 04:00:00,1158,20,Cash,Completed
5,70006,11767,2021-01-01 05:00:00,205,15,PayPal,Completed
6,70007,10354,2021-01-01 06:00:00,1465,0,Cash,Completed
7,70008,11786,2021-01-01 07:00:00,64,0,PayPal,Completed
8,70009,11076,2021-01-01 08:00:00,1977,5,Bank Transfer,Completed
9,70010,11355,2021-01-01 09:00:00,508,0,PayPal,Completed
10,70011,10617,2021-01-01 10:00:00,735,5,PayPal,Completed
11,70012,10847,2021-01-01 11:00:00,187,0,PayPal,Completed
12,70013,10775,2021-01-01 12:00:00,179,15,Bank Transfer,Completed
13,70014,10685,2021-01-01 13:00:00,1881,10,Bank Transfer,Completed
14,70015,11717,2021-01-01 14:00:00,1177,20,Bank Transfer,Completed
15,70016,11034,2021-01-01 15:00:00,1845,5,Cash,Completed
16,70017,11372,,949,15,Credit Card,COMPLETED
17,70018,10959,2021-01-01 17:00:00,945,5,,Completed
18,70019,10290,2021-01-01 18:00:00,730,20,Credit Card,Completed
19,70020,11031,2021-01-01 19:00:00,262,20,Credit Card,Completed
20,70021,11505,2021-01-01 20:00:00,352,0,Credit Card,Completed
21,70022,11257,2021-01-01 21:00:00,1177,10,PayPal,Pending
22,70023,11510,2021-01-01 22:00:00,1581,0,Cash,Completed
23,70024,11803,2021-01-01 23:00:00,1121,10,Credit Card,Completed
24,70025,11811,2021-01-02 00:00:00,112,5,Cash,Completed
25,70026,11861,2021-01-02 01:00:00,1449,5,Bank Transfer,Completed
26,70027,10354,1999-12-31 00:00:00,140,10,PayPal,Completed
27,70028,11590,2021-01-02 03:00:00,1991,5,PayPal,Completed
28,70029,11268,2021-01-02 04:00:00,377,0,Credit Card,Completed
29,70030,10762,2021-01-02 05:00:00,837,0,Credit Card,Completed
30,70031,10350,2021-01-02 06:00:00,532,20,Credit Card,Completed
31,70032,10360,2021-01-02 07:00:00,1306,0,PayPal,Completed
32,70033,10933,2021-01-02 08:00:00,1617,20,Credit Card,Cancelled
33,70034,11996,2021-01-02 09:00:00,759,5,Cash,Completed
34,70035,11469,2021-01-02 10:00:00,703,0,,Completed
35,70036,10193,2021-01-02 11:00:00,490,5,Bank Transfer,Completed
36,70037,11680,2021-01-02 12:00:00,180,0,Credit Card,Completed
37,70038,11953,2021-01-02 13:00:00,1368,15,PayPal,Completed
38,70039,11231,2021-01-02 14:00:00,291,10,PayPal,Completed
39,70040,10845,2021-01-02 15:00:00,1281,0,Credit Card,Completed
40,70041,10221,2021-01-02 16:00:00,479,20,Cash,Completed
41,70042,10180,2021-01-02 17:00:00,1018,10,PayPal,Completed
42,70043,10073,2021-01-02 18:00:00,747,20,PayPal,Completed
43,70044,10479,2021-01-02 19:00:00,714,15,Cash,Completed
44,70045,11740,2021-01-02 20:00:00,941,15,Cash,Pending
45,70046,11939,2021-01-02 21:00:00,1445,15,Cash,Completed
46,70047,11201,2021-01-02 22:00:00,162,0,Bank Transfer,Completed
47,70048,10236,2021-01-02 23:00:00,1672,5,PayPal,Completed
48,70049,11905,,1855,0,Credit Card,Completed
49,70050,11513,2021-01-03 01:00:00,426,0,PayPal,Completed
50,70051,10706,NULL,435,0,PayPal,Completed
51,70052,10039,2021-01-03 03:00:00,275,10,Credit Card,Completed
52,70053,11252,2021-01-03 04:00:00,1717,5,Credit Card,Pending
53,70054,10367,2021-01-03 05:00:00,259,15,Cash,Completed
54,70055,11407,2021-01-03 06:00:00,1081,0,Cash,Pending
55,70056,10439,2021-01-03 07:00:00,1768,0,Credit Card,Completed
56,70057,11317,2021-01-03 08:00:00,1177,0,Bank Transfer,Completed
57,70058,10266,2021-01-03 09:00:00,1719,5,Credit Card,Completed
58,70059,11063,2021-01-03 10:00:00,1761,0,Bank Transfer,Completed
59,70060,11745,2021-01-03 11:00:00,181,20,Credit Card,Completed
60,70061,10068,2021-01-03 12:00:00,1113,10,PayPal,Completed
61,70062,11459,2021-01-03 13:00:00,1397,5,PayPal,Completed
62,70063,10618,2021-01-03 14:00:00,1056,5,Bank Transfer,Completed
63,70064,10106,2021-01-03 15:00:00,1547,0,Bank Transfer,Completed
64,70065,10483,2021-01-03 16:00:00,1688,0,Bank Transfer,Completed
65,70066,11909,2021-01-03 17:00:00,1080,15,Cash,Completed
66,70067,11443,2021-01-03 18:00:00,1020,15,Credit Card,Completed
67,70068,11017,2021-01-03 19:00:00,645,20,Credit Card,Pending
68,70069,10974,2021-01-03 20:00:00,529,20,Credit Card,Completed
69,70070,10186,2021-01-03 21:00:00,1050,20,Credit Card,completed123
70,70071,10154,2021-01-03 22:00:00,1456,20,Credit Card,Completed
71,70072,10856,2021-01-03 23:00:00,1201,5,Credit Card,Completed
72,70073,11279,2021-01-04 00:00:00,769,5,Credit Card,Completed
73,70074,10338,2021-01-04 01:00:00,639,20,PayPal,Completed
74,70075,10987,2021-01-04 02:00:00,1115,15,Cash,Completed
75,70076,11228,2021-01-04 03:00:00,355,20,PayPal,Completed
76,70077,10661,2021-01-04 04:00:00,561,20,Bank Transfer,Completed
77,70078,10637,2021-01-04 05:00:00,65,15,PayPal,Completed
78,70079,11228,2021-01-04 06:00:00,720,20,Credit Card,Completed
79,70080,10807,2021-01-04 07:00:00,1753,20,Credit Card,Completed
80,70081,10727,2021-01-04 08:00:00,1488,15,PayPal,Completed
81,70082,11927,2021-01-04 09:00:00,1808,10,Credit Card,Completed
82,70083,10952,2021-01-04 10:00:00,1364,10,PayPal,Completed
83,70084,10496,2021-01-04 11:00:00,1107,5,Credit Card,Pending
84,70085,10903,2021-01-04 12:00:00,1104,0,Credit Card,Completed
85,70086,11436,2021-01-04 13:00:00,1003,20,PayPal,Completed
86,70087,11529,2021-01-04 14:00:00,1225,20,Cash,Pending
87,70088,10200,2021-01-04 15:00:00,1650,0,Bank Transfer,Pending
88,70089,10947,2021-01-04 16:00:00,452,5,Cash,Completed
89,70090,11293,2021-01-04 17:00:00,683,10,Bank Transfer,Completed
90,70091,10541,2021-01-04 18:00:00,1497,15,Credit Card,Pending
91,70092,11416,2021-01-04 19:00:00,616,0,Cash,Completed
92,70093,11129,2021-01-04 20:00:00,769,10,Bank Transfer,Completed
93,70094,11402,2021-01-04 21:00:00,587,0,Credit Card,Completed
94,70095,10940,2021-01-04 22:00:00,1378,0,Cash,Completed
95,70096,11264,2021-01-04 23:00:00,416,0,Bank Transfer,Completed
96,70097,10836,2021-01-05 00:00:00,456,15,Credit Card,Completed
97,70098,11257,2021-01-05 01:00:00,1005,15,PayPal,Completed
98,70099,10546,2021-01-05 02:00:00,1045,20,Credit Card,Completed
99,70100,11396,2021-01-05 03:00:00,1782,10,Cash,Completed
100,70101,11872,2021-01-05 04:00:00,779,10,Bank Transfer,Completed
101,70102,11918,2021-01-05 05:00:00,591,15,Cash,Completed
102,70103,11927,2021-01-05 06:00:00,1213,20,Cash,Completed
103,70104,10695,2021-01-05 07:00:00,359,20,Credit Card,Completed
104,70105,11381,2021-01-05 08:00:00,1639,15,Bank Transfer,Completed
105,70106,11178,2021-01-05 09:00:00,1665,10,Credit Card,Completed
106,70107,11995,2021-01-05 10:00:00,1344,10,Bank Transfer,Completed
107,70108,10217,2021-01-05 11:00:00,1948,15,PayPal,Completed
108,70109,10959,2021-01-05 12:00:00,1515,15,Cash,Completed
109,70110,11286,2021-01-05 13:00:00,1364,20,Credit Card,Completed
110,70111,11356,2021-01-05 14:00:00,1227,10,Bank Transfer,
111,70112,10138,2021-01-05 15:00:00,1066,10,Cash,Completed
112,70113,11899,2021-01-05 16:00:00,1972,15,Cash,Completed
113,70114,10279,2021-01-05 17:00:00,1415,10,Cash,Completed
114,70115,11995,2021-01-05 18:00:00,1908,5,Bank Transfer,Completed
115,70116,11981,2021-01-05 19:00:00,1348,5,Cash,Completed
116,70117,11742,2021-01-05 20:00:00,233,5,Cash,Completed
117,70118,10375,2021-01-05 21:00:00,1284,20,Bank Transfer,Completed
118,70119,11921,2021-01-05 22:00:00,1990,10,Bank Transfer,Completed
119,70120,11370,2021-01-05 23:00:00,89,0,Credit Card,Pending
120,70121,10183,2021-01-06 00:00:00,589,20,Credit Card,Completed
121,70122,10423,NULL,1075,0,Credit Card,Pending
122,70123,11719,2021-01-06 02:00:00,1551,5,Credit Card,Completed
123,70124,11006,2021-01-06 03:00:00,741,0,PayPal,Completed
124,70125,11831,2021-01-06 04:00:00,1593,20,Credit Card,Cancelled
125,70126,11963,2021-01-06 05:00:00,654,20,PayPal,Cancelled
126,70127,10577,2021-01-06 06:00:00,437,0,PayPal,Completed
127,70128,10016,2021-01-06 07:00:00,453,20,Credit Card,COMPLETED
128,70129,10781,1999-12-31 00:00:00,1670,5,Credit Card,Completed
129,70130,10698,2021-01-06 09:00:00,1308,10,Bank Transfer,Completed
130,70131,10987,2021-01-06 10:00:00,921,5,Credit Card,Completed
131,70132,11751,2021-01-06 11:00:00,1615,0,PayPal,Pending
132,70133,10037,2021-01-06 12:00:00,499,0,Credit Card,Completed
133,70134,11678,2021-01-06 13:00:00,1165,10,Credit Card,Completed
134,70135,10618,2021-01-06 14:00:00,1946,15,Credit Card,Completed
135,70136,10047,2021-01-06 15:00:00,1295,10,Bank Transfer,Pending
136,70137,11687,2021-01-06 16:00:00,868,0,PayPal,Completed
137,70138,10986,2021-01-06 17:00:00,515,10,Bank Transfer,Completed
138,70139,11895,2021-01-06 18:00:00,1775,0,Bank Transfer,Completed
139,70140,11542,2021-01-06 19:00:00,1524,15,PayPal,Completed
140,70141,11711,2021-01-06 20:00:00,1513,5,Credit Card,Pending
141,70142,11863,NULL,1899,5,Credit Card,Completed
142,70143,10441,2021-01-06 22:00:00,396,20,Credit Card,Completed
143,70144,11540,2021-01-06 23:00:00,473,5,Cash,Completed
144,70145,11435,2021-01-07 00:00:00,1956,5,Cash,Completed
145,70146,10213,2021-01-07 01:00:00,1772,15,Credit Card,Completed
146,70147,11425,2021-01-07 02:00:00,1659,0,PayPal,Completed
147,70148,11878,2021-01-07 03:00:00,1172,10,PayPal,Pending
148,70149,11151,2021-01-07 04:00:00,1430,10,Bank Transfer,Completed
149,70150,11690,2021-01-07 05:00:00,1339,5,Cash,Pending
150,70151,10279,2021-01-07 06:00:00,1059,20,Cash,Completed
151,70152,11916,2021-01-07 07:00:00,1860,20,Bank Transfer,Completed
152,70153,11095,2021-01-07 08:00:00,1728,20,Bank Transfer,Completed
153,70154,11941,2021-01-07 09:00:00,1610,20,PayPal,Completed
154,70155,11638,2021-01-07 10:00:00,1281,15,Cash,COMPLETED
155,70156,11903,2021-01-07 11:00:00,1926,20,Cash,Completed
156,70157,10037,2021-01-07 12:00:00,1586,10,Cash,Completed
157,70158,10621,2021-01-07 13:00:00,493,0,Credit Card,Completed
158,70159,11452,2021-01-07 14:00:00,410,5,Cash,Completed
159,70160,11046,2021-01-07 15:00:00,1607,20,Cash,Completed
160,70161,10829,2021-01-07 16:00:00,1662,15,Cash,Cancelled
161,70162,10934,2021-01-07 17:00:00,1899,20,Cash,Pending
162,70163,10204,2021-01-07 18:00:00,377,15,Bank Transfer,Completed
163,70164,11149,2021-01-07 19:00:00,175,5,Credit Card,Completed
164,70165,10698,2021-01-07 20:00:00,1412,15,Credit Card,Completed
165,70166,10219,2021-01-07 21:00:00,1633,20,Bank Transfer,Completed
166,70167,10661,2021-01-07 22:00:00,1151,15,Credit Card,Completed
167,70168,10046,2021-01-07 23:00:00,590,20,Bank Transfer,Completed
168,70169,11707,2021-01-08 00:00:00,240,10,Bank Transfer,Completed
169,70170,10083,2021-01-08 01:00:00,1919,10,Cash,Completed
170,70171,10356,2021-01-08 02:00:00,1308,0,Cash,Completed
171,70172,10643,2021-01-08 03:00:00,831,15,PayPal,Completed
172,70173,11399,2021-01-08 04:00:00,98,15,PayPal,Pending
173,70174,10385,2021-01-08 05:00:00,1046,10,Credit Card,Completed
174,70175,10892,2021-01-08 06:00:00,968,0,Cash,Completed
175,70176,10729,2021-01-08 07:00:00,591,0,Credit Card,Completed
176,70177,11294,2021-01-08 08:00:00,487,15,Bank Transfer,Completed
177,70178,10765,2021-01-08 09:00:00,1488,5,Cash,Completed
178,70179,10501,2021-01-08 10:00:00,513,15,Credit Card,Completed
179,70180,10974,2021-01-08 11:00:00,1991,0,PayPal,Completed
180,70181,10732,2021-01-08 12:00:00,55,10,Credit Card,Completed
181,70182,11643,2021-01-08 13:00:00,539,10,Credit Card,Completed
182,70183,11630,2021-01-08 14:00:00,1594,20,Cash,
183,70184,11395,2021-01-08 15:00:00,369,5,PayPal,Completed
184,70185,10255,2021-01-08 16:00:00,108,5,Bank Transfer,Pending
185,70186,10570,2021-01-08 17:00:00,485,20,Cash,Completed
186,70187,10757,2021-01-08 18:00:00,214,20,Cash,Completed
187,70188,10681,2021-01-08 19:00:00,1938,5,Bank Transfer,Completed
188,70189,11312,2021-01-08 20:00:00,358,0,Cash,Completed
189,70190,10030,2021-01-08 21:00:00,374,15,Bank Transfer,Completed
190,70191,10453,2021-01-08 22:00:00,702,0,Bank Transfer,Completed
191,70192,10275,2021-01-08 23:00:00,961,5,PayPal,Completed
192,70193,10121,2021-01-09 00:00:00,1018,5,Cash,Completed
193,70194,11764,2021-01-09 01:00:00,1824,0,Credit Card,Completed
194,70195,11559,2021-01-09 02:00:00,53,10,Cash,Pending
195,70196,11256,2021-01-09 03:00:00,439,10,PayPal,Completed
196,70197,10460,2021-01-09 04:00:00,1418,20,Bank Transfer,Completed
197,70198,10280,2021-01-09 05:00:00,762,0,PayPal,Completed
198,70199,11563,2021-01-09 06:00:00,1419,0,Bank Transfer,Cancelled
199,70200,10911,2021-01-09 07:00:00,409,20,Cash,Completed
200,70201,10165,2021-01-09 08:00:00,1479,20,Cash,Completed
201,70202,11074,2021-01-09 09:00:00,985,15,Bank Transfer,completed123
202,70203,10991,2021-01-09 10:00:00,135,5,Bank Transfer,Pending
203,70204,10116,2021-01-09 11:00:00,1829,15,Cash,Pending
204,70205,10116,2021-01-09 12:00:00,967,15,Bank Transfer,Completed
205,70206,11442,2021-01-09 13:00:00,1698,15,Cash,Completed
206,70207,10296,2021-01-09 14:00:00,543,20,Credit Card,Completed
207,70208,10949,2021-01-09 15:00:00,1776,20,Bank Transfer,Completed
208,70209,10245,2021-01-09 16:00:00,1057,10,PayPal,Completed
209,70210,11799,2021-01-09 17:00:00,883,10,Credit Card,Pending
210,70211,10157,2021-01-09 18:00:00,1933,15,Credit Card,Completed
211,70212,11897,2021-01-09 19:00:00,1123,5,Bank Transfer,Completed
212,70213,10364,2021-01-09 20:00:00,280,15,PayPal,Completed
213,70214,10999,2021-01-09 21:00:00,475,20,Bank Transfer,Pending
214,70215,10745,2021-01-09 22:00:00,217,20,Bank Transfer,Pending
215,70216,11845,2021-01-09 23:00:00,1557,20,Credit Card,Pending
216,70217,11363,2021-01-10 00:00:00,1672,10,Cash,Completed
217,70218,11538,2021-01-10 01:00:00,1592,0,Bank Transfer,Completed
218,70219,10745,2021-01-10 02:00:00,764,20,Bank Transfer,Completed
219,70220,10158,2021-01-10 03:00:00,1494,20,PayPal,Completed
220,70221,11576,2021-01-10 04:00:00,792,15,Bank Transfer,Completed
221,70222,10159,2021-01-10 05:00:00,1416,10,Credit Card,Completed
222,70223,11494,2021-01-10 06:00:00,1261,20,PayPal,Completed
223,70224,10118,2021-01-10 07:00:00,499,20,Credit Card,Completed
224,70225,10010,2021-01-10 08:00:00,1400,10,PayPal,Completed
225,70226,10574,2021-01-10 09:00:00,1742,5,Bank Transfer,Completed
226,70227,10368,2021-01-10 10:00:00,90,5,Bank Transfer,Completed
227,70228,10547,2021-01-10 11:00:00,1119,20,Bank Transfer,Completed
228,70229,11230,,662,10,Cash,Completed
229,70230,10955,2021-01-10 13:00:00,1137,5,Bank Transfer,Completed
230,70231,10673,2021-01-10 14:00:00,1263,20,PayPal,Completed
231,70232,11775,2021-01-10 15:00:00,56,5,PayPal,Completed
232,70233,11156,2021-01-10 16:00:00,962,0,PayPal,Completed
233,70234,11764,2021-01-10 17:00:00,541,0,Cash,Completed
234,70235,11147,1999-12-31 00:00:00,823,10,Credit Card,Completed
235,70236,10831,2021-01-10 19:00:00,292,0,PayPal,Completed
236,70237,11352,2021-01-10 20:00:00,1549,10,PayPal,Completed
237,70238,11264,2021-01-10 21:00:00,1734,15,Cash,Cancelled
238,70239,11742,2021-01-10 22:00:00,455,10,Cash,Completed
239,70240,11679,2021-01-10 23:00:00,1349,5,Cash,Completed
240,70241,10715,2021-01-11 00:00:00,1253,20,Credit Card,Completed
241,70242,11188,2021-01-11 01:00:00,1431,5,Bank Transfer,Completed
242,70243,11753,2021-01-11 02:00:00,801,10,Credit Card,Completed
243,70244,11007,2021-01-11 03:00:00,1735,5,Credit Card,Completed
244,70245,11955,2021-01-11 04:00:00,715,5,Bank Transfer,Completed
245,70246,11397,2021-01-11 05:00:00,616,15,Cash,Completed
246,70247,11533,2021-01-11 06:00:00,891,5,PayPal,Completed
247,70248,11412,2021-01-11 07:00:00,299,0,Credit Card,Cancelled
248,70249,10847,2021-01-11 08:00:00,1199,15,Cash,Completed
249,70250,11419,2021-01-11 09:00:00,1449,20,Credit Card,Completed
250,70251,10732,2021-01-11 10:00:00,538,10,Cash,Completed
251,70252,10755,2021-01-11 11:00:00,838,0,PayPal,Completed
252,70253,10655,2021-01-11 12:00:00,1952,0,Credit Card,Completed
253,70254,10950,2021-01-11 13:00:00,365,20,PayPal,Cancelled
254,70255,10813,1999-12-31 00:00:00,636,10,Cash,Completed
255,70256,10345,2021-01-11 15:00:00,1892,15,Credit Card,Completed
256,70257,10346,2021-01-11 16:00:00,1428,20,Cash,Pending
257,70258,11691,2021-01-11 17:00:00,1958,20,PayPal,Completed
258,70259,10644,2021-01-11 18:00:00,1618,20,Credit Card,Completed
259,70260,10704,2021-01-11 19:00:00,1277,5,Cash,Completed
260,70261,11893,2021-01-11 20:00:00,1712,0,PayPal,Completed
261,70262,10372,2021-01-11 21:00:00,500,0,Cash,Completed
262,70263,11391,2021-01-11 22:00:00,1807,0,Credit Card,Cancelled
263,70264,10001,2021-01-11 23:00:00,887,15,Credit Card,Pending
264,70265,10812,2021-01-12 00:00:00,748,0,Credit Card,Completed
265,70266,11904,2021-01-12 01:00:00,1445,5,Bank Transfer,Completed
266,70267,10262,2021-01-12 02:00:00,1173,10,Bank Transfer,completed123
267,70268,10932,2021-01-12 03:00:00,105,15,Credit Card,Completed
268,70269,10189,2021-01-12 04:00:00,267,20,PayPal,Completed
269,70270,10276,2021-01-12 05:00:00,1101,15,Bank Transfer,Completed
270,70271,10771,2021-01-12 06:00:00,1181,20,Cash,Completed
271,70272,11177,2021-01-12 07:00:00,363,10,Cash,Completed
272,70273,11856,2021-01-12 08:00:00,199,5,Credit Card,Completed
273,70274,10701,2021-01-12 09:00:00,1417,5,Cash,
274,70275,11776,2021-01-12 10:00:00,1900,0,Bank Transfer,Completed
275,70276,10437,2021-01-12 11:00:00,260,10,Cash,Completed
276,70277,11376,2021-01-12 12:00:00,1142,15,Bank Transfer,Pending
277,70278,11903,2021-01-12 13:00:00,811,10,Credit Card,Completed
278,70279,10665,2021-01-12 14:00:00,1069,10,Credit Card,Completed
279,70280,11602,2021-01-12 15:00:00,1297,0,Bank Transfer,Completed
280,70281,11865,2021-01-12 16:00:00,1667,15,Credit Card,Completed
281,70282,11606,2021-01-12 17:00:00,51,0,Cash,Completed
282,70283,10540,2021-01-12 18:00:00,1679,10,Credit Card,Completed
283,70284,10401,2021-01-12 19:00:00,570,10,Cash,Completed
284,70285,11572,2021-01-12 20:00:00,1588,15,Credit Card,Completed
285,70286,11794,1999-12-31 00:00:00,1015,10,Credit Card,COMPLETED
286,70287,11783,2021-01-12 22:00:00,1780,15,Cash,Cancelled
287,70288,11738,2021-01-12 23:00:00,201,20,PayPal,Pending
288,70289,10534,2021-01-13 00:00:00,1231,15,Credit Card,Completed
289,70290,10102,2021-01-13 01:00:00,1034,20,Bank Transfer,Completed
290,70291,11669,2021-01-13 02:00:00,1497,0,PayPal,Completed
291,70292,10144,2021-01-13 03:00:00,988,15,PayPal,Completed
292,70293,10689,2021-01-13 04:00:00,432,10,Credit Card,Completed
293,70294,11077,2021-01-13 05:00:00,1665,10,Bank Transfer,Cancelled
294,70295,10456,,1206,0,Credit Card,Completed
295,70296,10495,2021-01-13 07:00:00,1449,15,Credit Card,Completed
296,70297,10819,2021-01-13 08:00:00,1836,0,Bank Transfer,Cancelled
297,70298,10874,2021-01-13 09:00:00,1325,0,Credit Card,completed
298,70299,10863,2021-01-13 10:00:00,1555,0,Cash,Completed
299,70300,11789,2021-01-13 11:00:00,887,20,Credit Card,Completed
300,70301,10371,2021-01-13 12:00:00,417,0,Credit Card,Completed
301,70302,11312,2021-01-13 13:00:00,342,20,Credit Card,Pending
302,70303,10194,2021-01-13 14:00:00,151,15,Bank Transfer,Completed
303,70304,10957,2021-01-13 15:00:00,768,10,Cash,Completed
304,70305,11870,2021-01-13 16:00:00,357,20,Bank Transfer,Completed
305,70306,11942,2021-01-13 17:00:00,205,20,Cash,Completed
306,70307,10093,2021-01-13 18:00:00,1066,10,Cash,Completed
307,70308,10932,2021-01-13 19:00:00,1312,5,Cash,Completed
308,70309,10309,2021-01-13 20:00:00,54,10,PayPal,Completed
309,70310,11113,2021-01-13 21:00:00,437,15,Cash,Completed
310,70311,11657,2021-01-13 22:00:00,1956,15,Bank Transfer,Pending
311,70312,10289,2021-01-13 23:00:00,1098,20,Bank Transfer,Completed
312,70313,11671,2021-01-14 00:00:00,1559,0,Bank Transfer,Completed
313,70314,11586,2021-01-14 01:00:00,359,10,Credit Card,Cancelled
314,70315,10577,2021-01-14 02:00:00,1358,0,Bank Transfer,Completed
315,70316,10290,2021-01-14 03:00:00,892,20,PayPal,Completed
316,70317,10036,2021-01-14 04:00:00,997,0,PayPal,Completed
317,70318,10148,2021-01-14 05:00:00,358,15,Cash,Completed
318,70319,10254,2021-01-14 06:00:00,1330,10,Cash,Completed
319,70320,11284,2021-01-14 07:00:00,1871,10,Bank Transfer,
320,70321,11232,2021-01-14 08:00:00,1527,10,Cash,Completed
321,70322,10550,2021-01-14 09:00:00,1766,10,Cash,Completed
322,70323,11631,2021-01-14 10:00:00,282,20,Cash,Completed
323,70324,10509,2021-01-14 11:00:00,1609,5,Cash,
324,70325,11386,2021-01-14 12:00:00,1633,10,Credit Card,Completed
325,70326,10002,2021-01-14 13:00:00,842,5,PayPal,Completed
326,70327,11240,2021-01-14 14:00:00,57,20,Cash,Completed
327,70328,10208,2021-01-14 15:00:00,801,20,Credit Card,Pending
328,70329,10955,2021-01-14 16:00:00,285,5,Credit Card,Completed
329,70330,11140,2021-01-14 17:00:00,1622,15,Cash,Completed
330,70331,10764,2021-01-14 18:00:00,579,10,Credit Card,Completed
331,70332,11538,2021-01-14 19:00:00,1432,20,Bank Transfer,Completed
332,70333,11566,2021-01-14 20:00:00,302,0,Credit Card,Completed
333,70334,11459,2021-01-14 21:00:00,254,15,Bank Transfer,Completed
334,70335,10838,2021-01-14 22:00:00,562,5,Cash,Completed
335,70336,10641,2021-01-14 23:00:00,325,15,Cash,Completed
336,70337,10162,2021-01-15 00:00:00,1128,0,Credit Card,Completed
337,70338,11824,2021-01-15 01:00:00,1117,15,Bank Transfer,Pending
338,70339,11166,2021-01-15 02:00:00,1532,0,Credit Card,Completed
339,70340,11375,2021-01-15 03:00:00,1073,0,Bank Transfer,Completed
340,70341,10034,2021-01-15 04:00:00,570,15,PayPal,Completed
341,70342,10772,2021-01-15 05:00:00,328,5,Bank Transfer,Cancelled
342,70343,10386,2021-01-15 06:00:00,223,10,Cash,Completed
343,70344,11527,2021-01-15 07:00:00,1632,20,Credit Card,Cancelled
344,70345,10249,2021-01-15 08:00:00,1130,0,,Completed
345,70346,10654,2021-01-15 09:00:00,1321,20,Credit Card,Completed
346,70347,11160,2021-01-15 10:00:00,1744,10,Cash,Completed
347,70348,10545,2021-01-15 11:00:00,1043,20,Bank Transfer,Pending
348,70349,10154,2021-01-15 12:00:00,590,10,Bank Transfer,Completed
349,70350,11833,2021-01-15 13:00:00,1154,5,Credit Card,Pending
350,70351,11570,2021-01-15 14:00:00,1369,15,PayPal,Completed
351,70352,11788,2021-01-15 15:00:00,1172,10,PayPal,Completed
352,70353,10687,2021-01-15 16:00:00,448,0,Credit Card,Pending
353,70354,11764,2021-01-15 17:00:00,1496,0,Cash,Completed
354,70355,10542,2021-01-15 18:00:00,719,0,Bank Transfer,Completed
355,70356,11243,2021-01-15 19:00:00,1091,5,Bank Transfer,Completed
356,70357,10865,2021-01-15 20:00:00,1386,0,PayPal,Completed
357,70358,11460,2021-01-15 21:00:00,1356,20,Bank Transfer,Completed
358,70359,10816,2021-01-15 22:00:00,545,15,PayPal,Completed
359,70360,10608,2021-01-15 23:00:00,1911,15,PayPal,Completed
360,70361,11900,2021-01-16 00:00:00,1769,20,PayPal,Completed
361,70362,11600,2021-01-16 01:00:00,482,20,Credit Card,Completed
362,70363,11053,2021-01-16 02:00:00,1579,10,Cash,Completed
363,70364,11558,,1815,15,Credit Card,Completed
364,70365,11874,2021-01-16 04:00:00,243,10,Credit Card,Completed
365,70366,11129,2021-01-16 05:00:00,1489,20,Bank Transfer,Pending
366,70367,10983,2021-01-16 06:00:00,1910,0,Cash,Completed
367,70368,10775,2021-01-16 07:00:00,215,15,Bank Transfer,Completed
368,70369,10050,2021-01-16 08:00:00,1384,0,PayPal,Completed
369,70370,11858,2021-01-16 09:00:00,1199,5,,Pending
370,70371,11907,2021-01-16 10:00:00,848,5,Cash,Completed
371,70372,10017,2021-01-16 11:00:00,133,15,Cash,Cancelled
372,70373,10453,2021-01-16 12:00:00,473,15,PayPal,Completed
373,70374,11341,2021-01-16 13:00:00,114,10,Credit Card,Completed
374,70375,11348,2021-01-16 14:00:00,1429,20,Cash,Pending
375,70376,10494,2021-01-16 15:00:00,1622,0,Cash,Pending
376,70377,10654,2021-01-16 16:00:00,1317,5,Credit Card,Completed
377,70378,10850,2021-01-16 17:00:00,807,0,Cash,Cancelled
378,70379,11605,2021-01-16 18:00:00,1772,5,Credit Card,Completed
379,70380,10819,2021-01-16 19:00:00,1812,0,Cash,Completed
380,70381,10636,2021-01-16 20:00:00,1115,5,PayPal,Completed
381,70382,11340,2021-01-16 21:00:00,1260,15,Bank Transfer,Cancelled
382,70383,10934,2021-01-16 22:00:00,362,20,Cash,Completed
383,70384,10215,2021-01-16 23:00:00,295,0,Bank Transfer,Completed
384,70385,10563,2021-01-17 00:00:00,1737,0,Credit Card,Completed
385,70386,11731,2021-01-17 01:00:00,107,0,Credit Card,Completed
386,70387,10482,2021-01-17 02:00:00,1121,5,Credit Card,Completed
387,70388,10006,2021-01-17 03:00:00,681,10,Cash,Completed
388,70389,11531,2021-01-17 04:00:00,385,20,Cash,Completed
389,70390,11435,2021-01-17 05:00:00,1398,20,PayPal,Completed
390,70391,10171,2021-01-17 06:00:00,169,10,Cash,Completed
391,70392,11344,2021-01-17 07:00:00,543,0,Credit Card,Pending
392,70393,10107,2021-01-17 08:00:00,226,20,PayPal,Completed
393,70394,11711,2021-01-17 09:00:00,179,5,Cash,Completed
394,70395,10644,2021-01-17 10:00:00,1926,5,PayPal,Pending
395,70396,10764,2021-01-17 11:00:00,1332,10,Credit Card,Completed
396,70397,11710,2021-01-17 12:00:00,822,10,Credit Card,Completed
397,70398,10849,2021-01-17 13:00:00,461,10,PayPal,Pending
398,70399,10844,2021-01-17 14:00:00,663,15,Bank Transfer,Pending
399,70400,10931,2021-01-17 15:00:00,1632,15,Cash,Completed
400,70401,10101,2021-01-17 16:00:00,1859,0,Bank Transfer,Completed
401,70402,11868,2021-01-17 17:00:00,1271,0,PayPal,Completed
402,70403,10638,2021-01-17 18:00:00,754,10,PayPal,COMPLETED
403,70404,11652,2021-01-17 19:00:00,1460,20,Credit Card,Completed
404,70405,11618,2021-01-17 20:00:00,1526,15,PayPal,Completed
405,70406,11743,2021-01-17 21:00:00,1237,0,Credit Card,Completed
406,70407,10680,2021-01-17 22:00:00,1089,5,PayPal,COMPLETED
407,70408,10136,2021-01-17 23:00:00,664,0,Cash,Completed
408,70409,10163,2021-01-18 00:00:00,821,0,Cash,Completed
409,70410,11109,2021-01-18 01:00:00,746,15,PayPal,Cancelled
410,70411,10937,2021-01-18 02:00:00,804,20,PayPal,Cancelled
411,70412,10488,2021-01-18 03:00:00,1498,20,Bank Transfer,Completed
412,70413,10874,2021-01-18 04:00:00,1820,5,Cash,Completed
413,70414,11621,2021-01-18 05:00:00,1204,10,Credit Card,Completed
414,70415,11383,2021-01-18 06:00:00,1789,15,Cash,Completed
415,70416,11692,2021-01-18 07:00:00,662,15,PayPal,Completed
416,70417,10124,2021-01-18 08:00:00,855,10,Bank Transfer,Completed
417,70418,11793,2021-01-18 09:00:00,114,5,PayPal,Completed
418,70419,11081,2021-01-18 10:00:00,1355,15,Bank Transfer,Completed
419,70420,10611,2021-01-18 11:00:00,507,15,Bank Transfer,Completed
420,70421,11440,2021-01-18 12:00:00,1003,15,Cash,Completed
421,70422,11752,2021-01-18 13:00:00,1782,20,PayPal,Completed
422,70423,10600,2021-01-18 14:00:00,1948,10,Cash,Completed
423,70424,10803,2021-01-18 15:00:00,880,0,Bank Transfer,Completed
424,70425,10146,2021-01-18 16:00:00,1258,15,Cash,Completed
425,70426,10835,2021-01-18 17:00:00,1480,20,Cash,Completed
426,70427,11130,2021-01-18 18:00:00,1937,20,Cash,Completed
427,70428,10411,NULL,1320,15,PayPal,Completed
428,70429,10255,2021-01-18 20:00:00,1289,5,Credit Card,Cancelled
429,70430,10426,2021-01-18 21:00:00,1600,0,Bank Transfer,Completed
430,70431,11138,2021-01-18 22:00:00,1885,20,Credit Card,Pending
431,70432,10159,2021-01-18 23:00:00,749,0,Cash,Completed
432,70433,10208,2021-01-19 00:00:00,1557,10,Bank Transfer,Completed
433,70434,10643,2021-01-19 01:00:00,1893,0,Cash,Completed
434,70435,11285,,1669,10,Credit Card,Cancelled
435,70436,11291,2021-01-19 03:00:00,277,15,Bank Transfer,Completed
436,70437,11807,2021-01-19 04:00:00,612,20,PayPal,Completed
437,70438,11463,2021-01-19 05:00:00,1482,15,Credit Card,COMPLETED
438,70439,10953,2021-01-19 06:00:00,956,20,Credit Card,Completed
439,70440,10892,2021-01-19 07:00:00,1340,10,Credit Card,Pending
440,70441,10899,2021-01-19 08:00:00,553,10,Bank Transfer,Pending
441,70442,10369,2021-01-19 09:00:00,391,15,Cash,Completed
442,70443,10499,2021-01-19 10:00:00,781,10,Cash,Completed
443,70444,11418,2021-01-19 11:00:00,1047,15,Credit Card,Completed
444,70445,10648,2021-01-19 12:00:00,739,20,Credit Card,Completed
445,70446,10838,1999-12-31 00:00:00,1401,5,Bank Transfer,Completed
446,70447,11764,2021-01-19 14:00:00,180,15,Bank Transfer,Cancelled
447,70448,10333,2021-01-19 15:00:00,121,20,Credit Card,Completed
448,70449,10332,2021-01-19 16:00:00,1157,20,Cash,Pending
449,70450,11490,2021-01-19 17:00:00,428,0,Credit Card,Completed
450,70451,10930,2021-01-19 18:00:00,473,20,Cash,Completed
451,70452,11984,,499,10,Credit Card,Completed
452,70453,11638,2021-01-19 20:00:00,652,10,Credit Card,Completed
453,70454,10599,2021-01-19 21:00:00,128,0,Bank Transfer,Completed
454,70455,11931,2021-01-19 22:00:00,533,20,Cash,Completed
455,70456,11272,2021-01-19 23:00:00,1068,15,Cash,completed
456,70457,10520,2021-01-20 00:00:00,250,10,PayPal,Completed
457,70458,11665,2021-01-20 01:00:00,819,15,Cash,Completed
458,70459,10115,2021-01-20 02:00:00,587,5,PayPal,Cancelled
459,70460,10006,2021-01-20 03:00:00,1069,15,Credit Card,Pending
460,70461,11776,2021-01-20 04:00:00,1752,15,PayPal,Completed
461,70462,10897,2021-01-20 05:00:00,1595,10,Credit Card,Completed
462,70463,11280,2021-01-20 06:00:00,1972,15,Cash,Completed
463,70464,11458,2021-01-20 07:00:00,655,20,Cash,Completed
464,70465,10548,2021-01-20 08:00:00,1083,5,PayPal,Completed
465,70466,11777,2021-01-20 09:00:00,1179,0,Cash,Completed
466,70467,11496,2021-01-20 10:00:00,755,10,PayPal,Completed
467,70468,10571,2021-01-20 11:00:00,1372,5,Cash,Completed
468,70469,11078,2021-01-20 12:00:00,1888,5,PayPal,Completed
469,70470,11311,2021-01-20 13:00:00,1113,0,Credit Card,Completed
470,70471,10328,2021-01-20 14:00:00,949,0,Cash,Completed
471,70472,10964,2021-01-20 15:00:00,760,20,PayPal,Completed
472,70473,10200,2021-01-20 16:00:00,861,0,Cash,Completed
473,70474,11822,2021-01-20 17:00:00,567,0,Cash,Completed
474,70475,10617,2021-01-20 18:00:00,1018,0,Bank Transfer,Completed
475,70476,11800,2021-01-20 19:00:00,992,10,Credit Card,Pending
476,70477,11707,2021-01-20 20:00:00,790,0,Cash,Pending
477,70478,10610,2021-01-20 21:00:00,1936,5,PayPal,Completed
478,70479,10708,2021-01-20 22:00:00,1438,5,Cash,Completed
479,70480,10514,2021-01-20 23:00:00,674,15,Credit Card,Completed
480,70481,11545,2021-01-21 00:00:00,1244,15,PayPal,Completed
481,70482,10334,2021-01-21 01:00:00,1383,15,Cash,Completed
482,70483,10505,2021-01-21 02:00:00,1513,15,Cash,Completed
483,70484,11656,2021-01-21 03:00:00,93,15,PayPal,Completed
484,70485,10469,2021-01-21 04:00:00,1436,20,Credit Card,Completed
485,70486,10793,2021-01-21 05:00:00,1949,0,Bank Transfer,Completed
486,70487,11156,2021-01-21 06:00:00,379,10,Credit Card,Completed
487,70488,11781,2021-01-21 07:00:00,1891,5,Cash,Pending
488,70489,11937,2021-01-21 08:00:00,705,20,Bank Transfer,Completed
489,70490,10700,2021-01-21 09:00:00,1692,5,PayPal,Completed
490,70491,11386,2021-01-21 10:00:00,1098,10,PayPal,Completed
491,70492,11325,2021-01-21 11:00:00,131,0,Bank Transfer,Completed
492,70493,10309,2021-01-21 12:00:00,1342,0,PayPal,Completed
493,70494,10932,2021-01-21 13:00:00,1308,5,Bank Transfer,Completed
494,70495,11055,2021-01-21 14:00:00,1600,10,Bank Transfer,Completed
495,70496,11682,2021-01-21 15:00:00,1528,0,Credit Card,Pending
496,70497,11851,2021-01-21 16:00:00,366,5,Bank Transfer,Completed
497,70498,10170,2021-01-21 17:00:00,367,20,PayPal,Completed
498,70499,11809,2021-01-21 18:00:00,1929,10,Bank Transfer,Pending
499,70500,11497,2021-01-21 19:00:00,1950,10,Cash,Pending
500,70501,10823,2021-01-21 20:00:00,732,15,Credit Card,Completed
501,70502,11559,2021-01-21 21:00:00,106,20,PayPal,Completed
502,70503,10597,2021-01-21 22:00:00,737,0,Cash,Completed
503,70504,10898,2021-01-21 23:00:00,611,15,Cash,Pending
504,70505,11290,2021-01-22 00:00:00,1323,0,Credit Card,Completed
505,70506,10872,2021-01-22 01:00:00,447,20,Credit Card,Pending
506,70507,10388,2021-01-22 02:00:00,1259,15,Cash,Completed
507,70508,10529,2021-01-22 03:00:00,644,15,Credit Card,Completed
508,70509,11356,2021-01-22 04:00:00,112,15,Bank Transfer,Completed
509,70510,10836,2021-01-22 05:00:00,1788,15,PayPal,Completed
510,70511,10121,2021-01-22 06:00:00,1381,10,Cash,Completed
511,70512,10524,2021-01-22 07:00:00,1656,10,PayPal,Cancelled
512,70513,11582,2021-01-22 08:00:00,143,20,PayPal,Cancelled
513,70514,10163,2021-01-22 09:00:00,1295,5,Bank Transfer,Completed
514,70515,11555,2021-01-22 10:00:00,245,0,Bank Transfer,Completed
515,70516,10004,2021-01-22 11:00:00,721,15,Credit Card,Pending
516,70517,11994,2021-01-22 12:00:00,714,10,Bank Transfer,Completed
517,70518,10920,2021-01-22 13:00:00,101,15,PayPal,Completed
518,70519,11684,2021-01-22 14:00:00,1595,15,Cash,Completed
519,70520,10523,2021-01-22 15:00:00,261,20,Bank Transfer,Completed
520,70521,10678,2021-01-22 16:00:00,1057,20,Cash,Cancelled
521,70522,11742,2021-01-22 17:00:00,798,10,Cash,Completed
522,70523,11116,2021-01-22 18:00:00,1282,20,Bank Transfer,Completed
523,70524,11173,2021-01-22 19:00:00,1840,20,Bank Transfer,Completed
524,70525,10198,2021-01-22 20:00:00,537,15,Cash,COMPLETED
525,70526,11806,2021-01-22 21:00:00,124,5,PayPal,Completed
526,70527,11371,2021-01-22 22:00:00,435,15,Cash,Pending
527,70528,10205,2021-01-22 23:00:00,251,20,Bank Transfer,Completed
528,70529,11384,2021-01-23 00:00:00,1260,0,PayPal,Completed
529,70530,11011,2021-01-23 01:00:00,1692,0,Cash,Completed
530,70531,10588,2021-01-23 02:00:00,939,20,PayPal,Completed
531,70532,10109,2021-01-23 03:00:00,500,5,Cash,Pending
532,70533,10201,2021-01-23 04:00:00,344,0,Credit Card,Completed
533,70534,10915,2021-01-23 05:00:00,529,0,Credit Card,Pending
534,70535,10317,2021-01-23 06:00:00,1496,10,PayPal,Pending
535,70536,11777,2021-01-23 07:00:00,1280,5,PayPal,Completed
536,70537,10287,2021-01-23 08:00:00,95,20,Credit Card,Completed
537,70538,11013,2021-01-23 09:00:00,1100,20,Credit Card,Completed
538,70539,10827,2021-01-23 10:00:00,1427,15,PayPal,Completed
539,70540,11723,NULL,1675,10,Cash,Completed
540,70541,11285,2021-01-23 12:00:00,118,15,Bank Transfer,Pending
541,70542,11500,NULL,1234,0,Cash,Cancelled
542,70543,11890,2021-01-23 14:00:00,500,15,Bank Transfer,Completed
543,70544,11482,2021-01-23 15:00:00,68,5,Bank Transfer,Completed
544,70545,11467,2021-01-23 16:00:00,547,15,Credit Card,Completed
545,70546,11965,2021-01-23 17:00:00,398,15,Bank Transfer,Pending
546,70547,11096,2021-01-23 18:00:00,1127,0,PayPal,Completed
547,70548,11481,2021-01-23 19:00:00,580,0,Bank Transfer,Completed
548,70549,10710,2021-01-23 20:00:00,238,20,Bank Transfer,Completed
549,70550,11870,2021-01-23 21:00:00,986,10,Credit Card,Completed
550,70551,11488,2021-01-23 22:00:00,816,10,,Completed
551,70552,10360,2021-01-23 23:00:00,847,20,PayPal,Completed
552,70553,10598,2021-01-24 00:00:00,482,15,Bank Transfer,Completed
553,70554,11758,2021-01-24 01:00:00,350,15,Cash,Completed
554,70555,11997,2021-01-24 02:00:00,825,15,Credit Card,Completed
555,70556,10416,2021-01-24 03:00:00,687,0,Bank Transfer,Completed
556,70557,10011,2021-01-24 04:00:00,1677,15,Cash,Completed
557,70558,11432,2021-01-24 05:00:00,1615,0,Credit Card,Completed
558,70559,10752,2021-01-24 06:00:00,1731,20,Cash,Completed
559,70560,10362,2021-01-24 07:00:00,515,20,Credit Card,Completed
560,70561,11171,2021-01-24 08:00:00,203,5,Cash,Completed
561,70562,10685,2021-01-24 09:00:00,1149,0,PayPal,Completed
562,70563,10071,2021-01-24 10:00:00,872,5,Cash,Completed
563,70564,11319,2021-01-24 11:00:00,1920,5,Bank Transfer,Pending
564,70565,11807,2021-01-24 12:00:00,383,10,Cash,Pending
565,70566,10642,2021-01-24 13:00:00,327,10,PayPal,Completed
566,70567,11629,2021-01-24 14:00:00,475,10,PayPal,Completed
567,70568,11008,2021-01-24 15:00:00,1641,0,Bank Transfer,Completed
568,70569,11580,,540,15,Cash,Completed
569,70570,11033,2021-01-24 17:00:00,708,0,Credit Card,Completed
570,70571,11032,2021-01-24 18:00:00,1878,0,PayPal,Completed
571,70572,11354,2021-01-24 19:00:00,1102,0,Credit Card,Completed
572,70573,10071,2021-01-24 20:00:00,211,15,PayPal,Pending
573,70574,10866,2021-01-24 21:00:00,669,5,Bank Transfer,Completed
574,70575,10398,2021-01-24 22:00:00,258,15,Cash,Completed
575,70576,10050,2021-01-24 23:00:00,103,15,Credit Card,Completed
576,70577,10459,2021-01-25 00:00:00,325,10,Bank Transfer,Completed
577,70578,11244,2021-01-25 01:00:00,1170,15,Cash,Completed
578,70579,11148,2021-01-25 02:00:00,799,15,Cash,Completed
579,70580,10417,2021-01-25 03:00:00,859,5,Credit Card,completed123
580,70581,11515,2021-01-25 04:00:00,1755,10,Credit Card,Completed
581,70582,10047,2021-01-25 05:00:00,286,10,Cash,Completed
582,70583,11658,2021-01-25 06:00:00,1642,0,PayPal,Completed
583,70584,10558,2021-01-25 07:00:00,1288,15,Bank Transfer,Completed
584,70585,11498,2021-01-25 08:00:00,776,20,Bank Transfer,Pending
585,70586,11284,2021-01-25 09:00:00,164,5,PayPal,Completed
586,70587,10692,2021-01-25 10:00:00,735,10,Credit Card,Completed
587,70588,11492,2021-01-25 11:00:00,1066,10,Bank Transfer,Completed
588,70589,10628,2021-01-25 12:00:00,1976,5,Credit Card,Completed
589,70590,11929,NULL,1590,10,Cash,Pending
590,70591,11739,2021-01-25 14:00:00,1892,20,PayPal,Completed
591,70592,10405,,739,20,Cash,Completed
592,70593,11465,2021-01-25 16:00:00,443,15,Cash,Cancelled
593,70594,11115,2021-01-25 17:00:00,1876,5,Cash,completed
594,70595,10662,2021-01-25 18:00:00,781,10,PayPal,Completed
595,70596,10638,2021-01-25 19:00:00,157,15,Cash,Completed
596,70597,10781,2021-01-25 20:00:00,656,20,Bank Transfer,Completed
597,70598,11757,2021-01-25 21:00:00,700,0,Bank Transfer,Completed
598,70599,11533,2021-01-25 22:00:00,1307,5,PayPal,Completed
599,70600,10697,2021-01-25 23:00:00,1445,15,Bank Transfer,Completed
600,70601,11488,2021-01-26 00:00:00,532,20,Cash,Completed
601,70602,11676,2021-01-26 01:00:00,1297,20,Bank Transfer,Completed
602,70603,10017,2021-01-26 02:00:00,816,10,PayPal,Completed
603,70604,10752,2021-01-26 03:00:00,96,10,PayPal,Completed
604,70605,10630,2021-01-26 04:00:00,1147,5,PayPal,Completed
605,70606,10599,2021-01-26 05:00:00,99,15,Bank Transfer,Completed
606,70607,11764,NULL,511,10,Credit Card,Completed
607,70608,10618,2021-01-26 07:00:00,1043,20,Cash,Completed
608,70609,10667,2021-01-26 08:00:00,734,15,Bank Transfer,Completed
609,70610,11661,2021-01-26 09:00:00,1690,15,PayPal,Completed
610,70611,11816,,555,15,,Completed
611,70612,10511,2021-01-26 11:00:00,1295,0,Bank Transfer,Completed
612,70613,11990,2021-01-26 12:00:00,1860,5,Bank Transfer,Completed
613,70614,10950,2021-01-26 13:00:00,1436,20,Bank Transfer,Completed
614,70615,10660,2021-01-26 14:00:00,1168,20,Credit Card,Completed
615,70616,11544,2021-01-26 15:00:00,1293,0,Cash,Completed
616,70617,11602,2021-01-26 16:00:00,725,0,PayPal,Pending
617,70618,10319,2021-01-26 17:00:00,271,15,Credit Card,Completed
618,70619,11857,1999-12-31 00:00:00,879,5,Cash,completed
619,70620,10155,2021-01-26 19:00:00,1091,0,PayPal,Completed
620,70621,11500,2021-01-26 20:00:00,1135,5,Bank Transfer,Pending
621,70622,11983,2021-01-26 21:00:00,1352,10,Credit Card,Completed
622,70623,11880,2021-01-26 22:00:00,177,10,PayPal,Completed
623,70624,11747,2021-01-26 23:00:00,955,20,PayPal,Completed
624,70625,10665,2021-01-27 00:00:00,448,15,PayPal,COMPLETED
625,70626,10509,2021-01-27 01:00:00,736,5,Cash,Completed
626,70627,11016,2021-01-27 02:00:00,295,0,PayPal,Completed
627,70628,11315,2021-01-27 03:00:00,410,15,PayPal,Completed
628,70629,10659,2021-01-27 04:00:00,808,5,PayPal,Pending
629,70630,11377,2021-01-27 05:00:00,1596,20,Bank Transfer,Completed
630,70631,11382,2021-01-27 06:00:00,1529,5,Cash,Completed
631,70632,10684,2021-01-27 07:00:00,785,15,Credit Card,Completed
632,70633,10330,2021-01-27 08:00:00,837,0,Bank Transfer,Cancelled
633,70634,10821,2021-01-27 09:00:00,1935,15,Bank Transfer,Completed
634,70635,10354,2021-01-27 10:00:00,1026,20,Credit Card,Completed
635,70636,11600,2021-01-27 11:00:00,1769,10,Credit Card,Completed
636,70637,10862,2021-01-27 12:00:00,1343,20,Cash,Cancelled
637,70638,11754,2021-01-27 13:00:00,1630,0,Credit Card,Completed
638,70639,10396,2021-01-27 14:00:00,185,15,PayPal,Completed
639,70640,10954,2021-01-27 15:00:00,516,15,PayPal,Completed
640,70641,10270,2021-01-27 16:00:00,1124,10,Credit Card,completed
641,70642,11504,2021-01-27 17:00:00,1036,20,Cash,Pending
642,70643,10896,2021-01-27 18:00:00,287,10,Bank Transfer,Completed
643,70644,11383,2021-01-27 19:00:00,882,10,PayPal,Completed
644,70645,11814,2021-01-27 20:00:00,1843,0,Bank Transfer,Completed
645,70646,10942,2021-01-27 21:00:00,473,5,Cash,Completed
646,70647,11504,2021-01-27 22:00:00,761,5,PayPal,Completed
647,70648,10107,2021-01-27 23:00:00,1736,20,Credit Card,Completed
648,70649,10783,2021-01-28 00:00:00,714,20,PayPal,Pending
649,70650,11548,2021-01-28 01:00:00,960,5,Cash,COMPLETED
650,70651,10180,2021-01-28 02:00:00,1238,5,Bank Transfer,Pending
651,70652,10012,2021-01-28 03:00:00,420,5,Cash,Completed
652,70653,11773,2021-01-28 04:00:00,879,15,Bank Transfer,Completed
653,70654,11233,NULL,1500,15,PayPal,Completed
654,70655,10336,2021-01-28 06:00:00,291,5,Credit Card,Completed
655,70656,10947,2021-01-28 07:00:00,1002,20,Credit Card,Completed
656,70657,10775,2021-01-28 08:00:00,672,15,Credit Card,Completed
657,70658,10205,2021-01-28 09:00:00,1338,10,PayPal,Pending
658,70659,10423,2021-01-28 10:00:00,517,15,Credit Card,Completed
659,70660,11926,2021-01-28 11:00:00,1814,20,Bank Transfer,Completed
660,70661,10705,2021-01-28 12:00:00,921,15,Bank Transfer,completed123
661,70662,11288,2021-01-28 13:00:00,773,15,Cash,Completed
662,70663,11658,2021-01-28 14:00:00,1558,0,PayPal,Completed
663,70664,11607,2021-01-28 15:00:00,1530,20,Bank Transfer,Completed
664,70665,10078,2021-01-28 16:00:00,1989,0,PayPal,Completed
665,70666,11827,2021-01-28 17:00:00,587,15,Credit Card,Completed
666,70667,10582,2021-01-28 18:00:00,605,5,Bank Transfer,Completed
667,70668,10562,2021-01-28 19:00:00,893,10,Bank Transfer,Pending
668,70669,10910,2021-01-28 20:00:00,910,10,Cash,Cancelled
669,70670,11941,2021-01-28 21:00:00,1306,20,Bank Transfer,Completed
670,70671,11130,2021-01-28 22:00:00,1650,10,Bank Transfer,Completed
671,70672,10774,2021-01-28 23:00:00,1020,5,Credit Card,Completed
672,70673,10700,2021-01-29 00:00:00,1400,5,PayPal,Completed
673,70674,11331,2021-01-29 01:00:00,314,20,Bank Transfer,Completed
674,70675,10794,2021-01-29 02:00:00,1017,20,Bank Transfer,Completed
675,70676,10374,2021-01-29 03:00:00,1010,20,PayPal,Completed
676,70677,10497,2021-01-29 04:00:00,614,5,Credit Card,Completed
677,70678,11347,2021-01-29 05:00:00,1296,0,Credit Card,Completed
678,70679,10103,2021-01-29 06:00:00,1153,15,Cash,Pending
679,70680,11107,2021-01-29 07:00:00,362,15,Credit Card,Completed
680,70681,10144,2021-01-29 08:00:00,438,20,Cash,Completed
681,70682,11448,2021-01-29 09:00:00,607,5,PayPal,Completed
682,70683,11327,2021-01-29 10:00:00,160,15,Bank Transfer,Completed
683,70684,10617,2021-01-29 11:00:00,1160,20,,Completed
684,70685,10495,2021-01-29 12:00:00,1571,5,Credit Card,Pending
685,70686,10330,2021-01-29 13:00:00,1799,5,Credit Card,Completed
686,70687,11843,2021-01-29 14:00:00,1058,0,Credit Card,Pending
687,70688,11083,2021-01-29 15:00:00,466,5,PayPal,Completed
688,70689,11435,2021-01-29 16:00:00,435,10,Bank Transfer,Completed
689,70690,10978,NULL,1313,5,PayPal,Completed
690,70691,10663,2021-01-29 18:00:00,230,0,Cash,Pending
691,70692,10360,2021-01-29 19:00:00,1295,20,Credit Card,Completed
692,70693,11864,2021-01-29 20:00:00,1714,5,Cash,Pending
693,70694,11984,2021-01-29 21:00:00,1426,20,Credit Card,Completed
694,70695,10438,2021-01-29 22:00:00,409,5,Cash,Completed
695,70696,11770,2021-01-29 23:00:00,260,0,Bank Transfer,Completed
696,70697,10441,2021-01-30 00:00:00,1215,10,PayPal,Completed
697,70698,11068,2021-01-30 01:00:00,464,0,PayPal,Completed
698,70699,11047,2021-01-30 02:00:00,218,15,Cash,Completed
699,70700,10710,2021-01-30 03:00:00,1664,0,Credit Card,Pending
700,70701,11574,2021-01-30 04:00:00,555,15,Bank Transfer,Completed
701,70702,10021,2021-01-30 05:00:00,1068,20,Credit Card,Completed
702,70703,11917,2021-01-30 06:00:00,1994,5,PayPal,Completed
703,70704,11295,2021-01-30 07:00:00,1664,15,Credit Card,Pending
704,70705,11874,1999-12-31 00:00:00,158,5,Credit Card,Completed
705,70706,11877,2021-01-30 09:00:00,1959,10,Bank Transfer,Completed
706,70707,10666,2021-01-30 10:00:00,243,10,Credit Card,Cancelled
707,70708,11066,2021-01-30 11:00:00,1354,15,PayPal,Completed
708,70709,10784,2021-01-30 12:00:00,156,0,PayPal,Cancelled
709,70710,10213,2021-01-30 13:00:00,1984,20,PayPal,Completed
710,70711,11484,2021-01-30 14:00:00,1516,5,Cash,Completed
711,70712,10317,2021-01-30 15:00:00,946,5,PayPal,Completed
712,70713,10960,2021-01-30 16:00:00,1273,10,Bank Transfer,Pending
713,70714,10514,2021-01-30 17:00:00,347,10,Bank Transfer,Completed
714,70715,10678,2021-01-30 18:00:00,519,10,Bank Transfer,Cancelled
715,70716,10406,2021-01-30 19:00:00,1199,0,Bank Transfer,Completed
716,70717,11557,2021-01-30 20:00:00,1150,15,Credit Card,Completed
717,70718,10135,2021-01-30 21:00:00,178,15,Cash,Cancelled
718,70719,10252,2021-01-30 22:00:00,1198,20,Bank Transfer,Completed
719,70720,10542,2021-01-30 23:00:00,513,20,Bank Transfer,Completed
720,70721,11777,2021-01-31 00:00:00,1139,20,Credit Card,Cancelled
721,70722,11349,2021-01-31 01:00:00,970,0,Bank Transfer,Completed
722,70723,11041,2021-01-31 02:00:00,208,15,Bank Transfer,Completed
723,70724,11303,2021-01-31 03:00:00,1175,10,Bank Transfer,Completed
724,70725,11170,2021-01-31 04:00:00,1186,15,Bank Transfer,Completed
725,70726,10135,2021-01-31 05:00:00,180,0,Bank Transfer,Completed
726,70727,10096,2021-01-31 06:00:00,187,15,Credit Card,Completed
727,70728,10899,2021-01-31 07:00:00,446,0,Cash,Completed
728,70729,11059,2021-01-31 08:00:00,299,20,PayPal,Completed
729,70730,11905,2021-01-31 09:00:00,1536,20,,Completed
730,70731,11416,2021-01-31 10:00:00,489,15,Bank Transfer,Completed
731,70732,11767,2021-01-31 11:00:00,1222,5,Credit Card,Completed
732,70733,11647,2021-01-31 12:00:00,472,0,PayPal,
733,70734,10128,2021-01-31 13:00:00,317,20,Cash,Pending
734,70735,10923,2021-01-31 14:00:00,1768,10,Bank Transfer,Completed
735,70736,11079,2021-01-31 15:00:00,1992,5,Cash,Completed
736,70737,10086,2021-01-31 16:00:00,1833,15,Cash,Cancelled
737,70738,10756,2021-01-31 17:00:00,1459,20,Credit Card,Completed
738,70739,11172,2021-01-31 18:00:00,383,0,Bank Transfer,Completed
739,70740,10941,2021-01-31 19:00:00,1437,20,Cash,Cancelled
740,70741,11870,2021-01-31 20:00:00,1317,15,Credit Card,Completed
741,70742,11081,2021-01-31 21:00:00,322,20,Cash,Completed
742,70743,10609,2021-01-31 22:00:00,1487,0,PayPal,
743,70744,10536,2021-01-31 23:00:00,1303,5,Cash,Completed
744,70745,11179,2021-02-01 00:00:00,1511,15,Credit Card,Completed
745,70746,10792,2021-02-01 01:00:00,527,20,Credit Card,Completed
746,70747,11063,2021-02-01 02:00:00,1850,5,PayPal,Completed
747,70748,11455,2021-02-01 03:00:00,229,20,Cash,Pending
748,70749,11843,2021-02-01 04:00:00,724,5,Cash,Completed
749,70750,11704,2021-02-01 05:00:00,1590,15,Credit Card,Completed
750,70751,10854,2021-02-01 06:00:00,1114,0,Bank Transfer,Pending
751,70752,10957,2021-02-01 07:00:00,1750,15,Cash,Completed
752,70753,11213,2021-02-01 08:00:00,1250,5,Credit Card,Completed
753,70754,10902,2021-02-01 09:00:00,81,0,Credit Card,
754,70755,10235,2021-02-01 10:00:00,591,0,Cash,Completed
755,70756,10553,2021-02-01 11:00:00,898,0,PayPal,Completed
756,70757,11017,2021-02-01 12:00:00,1869,20,PayPal,Completed
757,70758,11568,2021-02-01 13:00:00,1026,5,Cash,Completed
758,70759,11529,2021-02-01 14:00:00,1350,15,PayPal,Completed
759,70760,10150,2021-02-01 15:00:00,671,0,Credit Card,Cancelled
760,70761,10078,2021-02-01 16:00:00,1816,5,Bank Transfer,Cancelled
761,70762,11777,2021-02-01 17:00:00,1783,20,PayPal,Pending
762,70763,10538,2021-02-01 18:00:00,1166,20,Cash,Completed
763,70764,10656,2021-02-01 19:00:00,1617,5,Bank Transfer,completed123
764,70765,10525,2021-02-01 20:00:00,824,0,Credit Card,Completed
765,70766,11615,2021-02-01 21:00:00,715,15,Bank Transfer,Completed
766,70767,10673,2021-02-01 22:00:00,915,0,Cash,Completed
767,70768,11802,2021-02-01 23:00:00,709,0,,Pending
768,70769,10434,2021-02-02 00:00:00,616,20,Credit Card,Completed
769,70770,10263,2021-02-02 01:00:00,1480,0,Credit Card,Completed
770,70771,11832,2021-02-02 02:00:00,408,20,Bank Transfer,Completed
771,70772,11966,2021-02-02 03:00:00,541,15,PayPal,Completed
772,70773,11785,2021-02-02 04:00:00,1938,5,PayPal,completed123
773,70774,10793,2021-02-02 05:00:00,1827,15,,Pending
774,70775,10811,2021-02-02 06:00:00,989,15,Credit Card,completed123
775,70776,11403,2021-02-02 07:00:00,1599,10,Bank Transfer,Completed
776,70777,10521,2021-02-02 08:00:00,99,10,Credit Card,Completed
777,70778,11158,2021-02-02 09:00:00,312,5,PayPal,Completed
778,70779,11144,2021-02-02 10:00:00,88,0,Credit Card,Pending
779,70780,11245,2021-02-02 11:00:00,1407,10,PayPal,Completed
780,70781,10172,2021-02-02 12:00:00,1066,15,PayPal,Completed
781,70782,10713,2021-02-02 13:00:00,975,15,Credit Card,Completed
782,70783,11911,2021-02-02 14:00:00,774,5,Credit Card,Completed
783,70784,11768,2021-02-02 15:00:00,226,20,PayPal,Completed
784,70785,10825,2021-02-02 16:00:00,640,20,Bank Transfer,Completed
785,70786,10382,2021-02-02 17:00:00,1182,5,PayPal,Completed
786,70787,10034,2021-02-02 18:00:00,1367,20,PayPal,Completed
787,70788,10550,2021-02-02 19:00:00,196,20,PayPal,Completed
788,70789,10268,2021-02-02 20:00:00,1075,15,,Completed
789,70790,10165,2021-02-02 21:00:00,1779,5,PayPal,Pending
790,70791,11867,2021-02-02 22:00:00,1775,15,Cash,Completed
791,70792,11040,2021-02-02 23:00:00,759,0,PayPal,Completed
792,70793,11433,2021-02-03 00:00:00,655,0,Cash,Completed
793,70794,10746,2021-02-03 01:00:00,101,15,PayPal,Completed
794,70795,11614,2021-02-03 02:00:00,622,5,Bank Transfer,Completed
795,70796,11826,2021-02-03 03:00:00,1863,20,Credit Card,Completed
796,70797,10075,2021-02-03 04:00:00,843,20,Cash,Cancelled
797,70798,10146,2021-02-03 05:00:00,1626,10,Credit Card,Completed
798,70799,10655,2021-02-03 06:00:00,987,15,PayPal,
799,70800,10352,1999-12-31 00:00:00,972,0,Credit Card,Completed
800,70801,11658,2021-02-03 08:00:00,1629,15,PayPal,Completed
801,70802,11272,2021-02-03 09:00:00,1329,10,Credit Card,Completed
802,70803,11075,2021-02-03 10:00:00,1426,20,Credit Card,Pending
803,70804,11482,2021-02-03 11:00:00,423,15,Bank Transfer,
804,70805,11548,2021-02-03 12:00:00,682,5,Cash,Completed
805,70806,11189,,1707,10,Bank Transfer,Cancelled
806,70807,11560,2021-02-03 14:00:00,1158,10,Cash,Completed
807,70808,11888,2021-02-03 15:00:00,1355,0,Credit Card,Completed
808,70809,11185,2021-02-03 16:00:00,1392,10,Credit Card,Completed
809,70810,11604,2021-02-03 17:00:00,1907,10,Cash,Completed
810,70811,11267,2021-02-03 18:00:00,1765,5,Credit Card,Completed
811,70812,10658,2021-02-03 19:00:00,59,0,Bank Transfer,Completed
812,70813,10258,2021-02-03 20:00:00,402,15,Bank Transfer,completed123
813,70814,11752,2021-02-03 21:00:00,1269,0,PayPal,Completed
814,70815,10345,2021-02-03 22:00:00,99,15,Bank Transfer,Completed
815,70816,11312,2021-02-03 23:00:00,1653,10,Credit Card,Pending
816,70817,10899,2021-02-04 00:00:00,770,20,Credit Card,Cancelled
817,70818,11540,2021-02-04 01:00:00,383,5,Cash,Completed
818,70819,11925,2021-02-04 02:00:00,941,20,Credit Card,Pending
819,70820,10858,2021-02-04 03:00:00,768,15,PayPal,Completed
820,70821,11387,2021-02-04 04:00:00,1041,5,Credit Card,Completed
821,70822,10457,2021-02-04 05:00:00,1953,10,Credit Card,Completed
822,70823,10416,,714,5,Credit Card,Completed
823,70824,10494,2021-02-04 07:00:00,1914,15,Credit Card,Completed
824,70825,10126,2021-02-04 08:00:00,1113,5,Bank Transfer,completed123
825,70826,10397,2021-02-04 09:00:00,1383,20,Bank Transfer,Completed
826,70827,11206,2021-02-04 10:00:00,935,0,PayPal,Completed
827,70828,11213,2021-02-04 11:00:00,426,5,Credit Card,Completed
828,70829,10116,2021-02-04 12:00:00,1711,5,Bank Transfer,Completed
829,70830,10489,2021-02-04 13:00:00,1426,10,Bank Transfer,Completed
830,70831,10522,2021-02-04 14:00:00,1134,5,Cash,Pending
831,70832,11310,2021-02-04 15:00:00,1628,10,Bank Transfer,Pending
832,70833,11423,2021-02-04 16:00:00,707,10,Credit Card,Completed
833,70834,11931,2021-02-04 17:00:00,550,15,PayPal,Completed
834,70835,10647,2021-02-04 18:00:00,1876,15,PayPal,Completed
835,70836,10047,2021-02-04 19:00:00,1432,10,PayPal,Completed
836,70837,10496,2021-02-04 20:00:00,1846,15,Cash,Completed
837,70838,10482,2021-02-04 21:00:00,118,10,PayPal,Completed
838,70839,10646,2021-02-04 22:00:00,839,15,PayPal,Completed
839,70840,10458,2021-02-04 23:00:00,802,5,Bank Transfer,Completed
840,70841,10972,2021-02-05 00:00:00,661,15,Credit Card,Completed
841,70842,10619,2021-02-05 01:00:00,328,15,Credit Card,Completed
842,70843,10110,2021-02-05 02:00:00,754,5,PayPal,Completed
843,70844,11375,2021-02-05 03:00:00,308,0,PayPal,Completed
844,70845,10182,2021-02-05 04:00:00,1368,0,Bank Transfer,Completed
845,70846,10543,2021-02-05 05:00:00,1617,15,Cash,Completed
846,70847,10540,2021-02-05 06:00:00,1087,0,Bank Transfer,Completed
847,70848,10223,2021-02-05 07:00:00,350,10,Bank Transfer,Completed
848,70849,10869,2021-02-05 08:00:00,1300,15,PayPal,Completed
849,70850,11094,2021-02-05 09:00:00,262,5,Cash,Completed
850,70851,10334,2021-02-05 10:00:00,1784,5,Credit Card,Completed
851,70852,11016,2021-02-05 11:00:00,276,15,Bank Transfer,Completed
852,70853,10894,2021-02-05 12:00:00,1812,0,PayPal,Completed
853,70854,11202,2021-02-05 13:00:00,1565,0,Cash,Completed
854,70855,11264,2021-02-05 14:00:00,1416,20,Cash,Completed
855,70856,10119,2021-02-05 15:00:00,1846,0,Credit Card,Completed
856,70857,11447,2021-02-05 16:00:00,87,5,Credit Card,Completed
857,70858,11234,2021-02-05 17:00:00,830,20,Bank Transfer,Completed
858,70859,11776,,1990,20,Cash,Completed
859,70860,10940,2021-02-05 19:00:00,216,0,Bank Transfer,Pending
860,70861,10498,NULL,1252,20,Bank Transfer,Completed
861,70862,11774,2021-02-05 21:00:00,1408,20,PayPal,Completed
862,70863,10047,2021-02-05 22:00:00,1549,10,Bank Transfer,Completed
863,70864,11502,2021-02-05 23:00:00,891,10,Bank Transfer,Completed
864,70865,11011,2021-02-06 00:00:00,1064,15,Bank Transfer,Pending
865,70866,11858,2021-02-06 01:00:00,152,15,Cash,completed
866,70867,10200,2021-02-06 02:00:00,1993,0,Bank Transfer,Completed
867,70868,11993,2021-02-06 03:00:00,1120,5,Credit Card,Completed
868,70869,10569,2021-02-06 04:00:00,144,0,Bank Transfer,Pending
869,70870,11358,2021-02-06 05:00:00,701,20,Bank Transfer,Completed
870,70871,11810,2021-02-06 06:00:00,269,20,Credit Card,Cancelled
871,70872,10227,2021-02-06 07:00:00,1971,0,Cash,Completed
872,70873,10811,2021-02-06 08:00:00,1921,0,PayPal,Completed
873,70874,10164,2021-02-06 09:00:00,1161,0,Cash,Pending
874,70875,10694,2021-02-06 10:00:00,296,10,PayPal,Completed
875,70876,10276,2021-02-06 11:00:00,84,0,Bank Transfer,Completed
876,70877,10561,2021-02-06 12:00:00,1967,10,Cash,Pending
877,70878,11426,2021-02-06 13:00:00,948,5,Cash,Completed
878,70879,11748,2021-02-06 14:00:00,1151,0,PayPal,Cancelled
879,70880,10097,2021-02-06 15:00:00,841,10,PayPal,Completed
880,70881,11155,2021-02-06 16:00:00,1209,0,,Completed
881,70882,10053,2021-02-06 17:00:00,1817,20,Bank Transfer,Cancelled
882,70883,11449,2021-02-06 18:00:00,561,5,Bank Transfer,Completed
883,70884,10584,2021-02-06 19:00:00,1609,10,Bank Transfer,Completed
884,70885,10914,1999-12-31 00:00:00,309,5,Credit Card,Pending
885,70886,11478,2021-02-06 21:00:00,1401,20,PayPal,Completed
886,70887,11007,2021-02-06 22:00:00,1243,5,Bank Transfer,Pending
887,70888,10158,2021-02-06 23:00:00,230,15,PayPal,Completed
888,70889,10500,2021-02-07 00:00:00,941,5,PayPal,Completed
889,70890,11326,2021-02-07 01:00:00,374,10,Bank Transfer,Completed
890,70891,10609,2021-02-07 02:00:00,581,20,Cash,Completed
891,70892,10907,2021-02-07 03:00:00,1601,15,Cash,Completed
892,70893,10274,2021-02-07 04:00:00,460,15,PayPal,Completed
893,70894,11972,2021-02-07 05:00:00,378,5,Cash,
894,70895,11683,2021-02-07 06:00:00,950,15,PayPal,Completed
895,70896,10403,2021-02-07 07:00:00,1516,20,Bank Transfer,completed
896,70897,11691,2021-02-07 08:00:00,1036,20,PayPal,Completed
897,70898,10057,2021-02-07 09:00:00,410,5,Cash,Completed
898,70899,10104,2021-02-07 10:00:00,571,15,PayPal,Completed
899,70900,10636,2021-02-07 11:00:00,522,0,Credit Card,Completed
900,70901,10017,2021-02-07 12:00:00,1329,0,Cash,Completed
901,70902,11805,2021-02-07 13:00:00,231,5,Credit Card,completed123
902,70903,11549,2021-02-07 14:00:00,1156,20,Bank Transfer,Pending
903,70904,10725,2021-02-07 15:00:00,1090,15,Cash,Pending
904,70905,11085,2021-02-07 16:00:00,953,0,Credit Card,Completed
905,70906,11927,2021-02-07 17:00:00,412,0,Bank Transfer,Completed
906,70907,11891,2021-02-07 18:00:00,1450,10,Bank Transfer,Completed
907,70908,11898,2021-02-07 19:00:00,1616,20,Credit Card,Pending
908,70909,10167,2021-02-07 20:00:00,1735,15,PayPal,Completed
909,70910,10504,2021-02-07 21:00:00,1098,10,Bank Transfer,Completed
910,70911,11479,2021-02-07 22:00:00,482,10,Bank Transfer,Completed
911,70912,11970,2021-02-07 23:00:00,841,10,Bank Transfer,Pending
912,70913,10179,2021-02-08 00:00:00,491,10,Cash,Completed
913,70914,11239,2021-02-08 01:00:00,293,0,Cash,Completed
914,70915,10369,2021-02-08 02:00:00,793,0,Cash,Completed
915,70916,10309,2021-02-08 03:00:00,1555,5,Bank Transfer,Completed
916,70917,10106,2021-02-08 04:00:00,539,20,PayPal,Completed
917,70918,10705,2021-02-08 05:00:00,322,5,Credit Card,Completed
918,70919,11850,2021-02-08 06:00:00,1644,0,Credit Card,Pending
919,70920,10821,2021-02-08 07:00:00,1395,0,Bank Transfer,Completed
920,70921,10473,2021-02-08 08:00:00,1384,10,Credit Card,Pending
921,70922,11746,2021-02-08 09:00:00,1621,0,Credit Card,Completed
922,70923,11619,2021-02-08 10:00:00,1207,15,PayPal,Cancelled
923,70924,10035,2021-02-08 11:00:00,1042,10,Credit Card,
924,70925,11994,2021-02-08 12:00:00,1549,15,Bank Transfer,Completed
925,70926,10742,2021-02-08 13:00:00,1650,0,PayPal,Pending
926,70927,10851,2021-02-08 14:00:00,536,10,Bank Transfer,Completed
927,70928,10415,2021-02-08 15:00:00,1447,5,,Completed
928,70929,11200,2021-02-08 16:00:00,1908,20,Cash,Completed
929,70930,11960,2021-02-08 17:00:00,1718,0,Bank Transfer,Completed
930,70931,11460,2021-02-08 18:00:00,1154,5,Bank Transfer,Completed
931,70932,11827,2021-02-08 19:00:00,457,10,PayPal,Completed
932,70933,10443,2021-02-08 20:00:00,707,15,Bank Transfer,Pending
933,70934,10994,2021-02-08 21:00:00,531,0,Bank Transfer,Cancelled
934,70935,10701,2021-02-08 22:00:00,1722,5,PayPal,Completed
935,70936,10051,2021-02-08 23:00:00,1888,15,Cash,Completed
936,70937,10467,2021-02-09 00:00:00,92,15,Bank Transfer,Completed
937,70938,10321,2021-02-09 01:00:00,709,20,Bank Transfer,Completed
938,70939,11929,2021-02-09 02:00:00,829,0,Bank Transfer,Completed
939,70940,11063,2021-02-09 03:00:00,104,20,Cash,Completed
940,70941,10116,2021-02-09 04:00:00,1358,10,,Completed
941,70942,10940,2021-02-09 05:00:00,111,5,Bank Transfer,Completed
942,70943,11612,2021-02-09 06:00:00,476,5,Bank Transfer,Completed
943,70944,11750,2021-02-09 07:00:00,1068,5,PayPal,Completed
944,70945,11410,2021-02-09 08:00:00,402,20,Bank Transfer,Completed
945,70946,11456,2021-02-09 09:00:00,692,0,Credit Card,Completed
946,70947,10292,2021-02-09 10:00:00,339,5,PayPal,Completed
947,70948,11199,2021-02-09 11:00:00,1716,0,Bank Transfer,Completed
948,70949,11069,2021-02-09 12:00:00,1184,15,Credit Card,Completed
949,70950,10209,2021-02-09 13:00:00,667,0,PayPal,Completed
950,70951,11981,2021-02-09 14:00:00,1142,0,Credit Card,Completed
951,70952,11690,2021-02-09 15:00:00,1350,20,PayPal,Completed
952,70953,11977,2021-02-09 16:00:00,1049,5,Bank Transfer,completed123
953,70954,10570,2021-02-09 17:00:00,1009,0,Cash,Completed
954,70955,11097,2021-02-09 18:00:00,875,15,PayPal,Completed
955,70956,11657,2021-02-09 19:00:00,1069,0,Bank Transfer,Completed
956,70957,10141,NULL,1087,15,Credit Card,Completed
957,70958,11725,2021-02-09 21:00:00,636,15,PayPal,Pending
958,70959,11922,2021-02-09 22:00:00,1946,10,Bank Transfer,Cancelled
959,70960,10728,2021-02-09 23:00:00,987,15,Cash,Completed
960,70961,11623,2021-02-10 00:00:00,1995,10,Bank Transfer,Completed
961,70962,11533,2021-02-10 01:00:00,528,10,Cash,Completed
962,70963,11875,2021-02-10 02:00:00,1862,0,Bank Transfer,Completed
963,70964,11528,2021-02-10 03:00:00,1503,0,PayPal,Completed
964,70965,11929,2021-02-10 04:00:00,1807,5,Bank Transfer,Pending
965,70966,11164,2021-02-10 05:00:00,286,5,Bank Transfer,Cancelled
966,70967,10666,2021-02-10 06:00:00,990,10,Bank Transfer,Cancelled
967,70968,11713,2021-02-10 07:00:00,1351,0,Credit Card,Completed
968,70969,10841,2021-02-10 08:00:00,877,5,Credit Card,Completed
969,70970,11060,2021-02-10 09:00:00,1528,20,Bank Transfer,Completed
970,70971,11037,2021-02-10 10:00:00,407,15,Credit Card,Completed
971,70972,11011,2021-02-10 11:00:00,1983,5,PayPal,Completed
972,70973,11508,2021-02-10 12:00:00,1323,10,Bank Transfer,Completed
973,70974,11413,2021-02-10 13:00:00,503,5,Credit Card,Completed
974,70975,10950,2021-02-10 14:00:00,778,10,PayPal,Pending
975,70976,10801,2021-02-10 15:00:00,1141,15,Credit Card,Completed
976,70977,10327,2021-02-10 16:00:00,1020,20,Bank Transfer,Completed
977,70978,10930,2021-02-10 17:00:00,1659,20,Bank Transfer,Completed
978,70979,10279,2021-02-10 18:00:00,1475,20,Credit Card,Completed
979,70980,10077,2021-02-10 19:00:00,176,5,Credit Card,Completed
980,70981,10973,2021-02-10 20:00:00,1114,0,PayPal,Completed
981,70982,10993,2021-02-10 21:00:00,1192,5,Cash,COMPLETED
982,70983,11554,2021-02-10 22:00:00,1377,10,PayPal,Completed
983,70984,10292,2021-02-10 23:00:00,229,15,PayPal,Completed
984,70985,10614,2021-02-11 00:00:00,259,20,Credit Card,Completed
985,70986,11527,2021-02-11 01:00:00,717,10,Cash,Completed
986,70987,11541,2021-02-11 02:00:00,1358,5,Credit Card,Completed
987,70988,10124,2021-02-11 03:00:00,1430,0,Cash,completed
988,70989,10155,2021-02-11 04:00:00,896,10,Credit Card,Cancelled
989,70990,11593,2021-02-11 05:00:00,1340,10,Cash,Completed
990,70991,11324,2021-02-11 06:00:00,95,10,Credit Card,Completed
991,70992,10173,2021-02-11 07:00:00,475,10,PayPal,Pending
992,70993,10060,2021-02-11 08:00:00,386,5,PayPal,Cancelled
993,70994,10237,2021-02-11 09:00:00,1735,5,Bank Transfer,Completed
994,70995,11473,2021-02-11 10:00:00,336,15,Bank Transfer,Completed
995,70996,11408,NULL,1689,15,Credit Card,Completed
996,70997,10233,2021-02-11 12:00:00,658,20,PayPal,Completed
997,70998,10437,2021-02-11 13:00:00,1809,20,PayPal,Completed
998,70999,10075,2021-02-11 14:00:00,136,15,Bank Transfer,Completed
999,71000,10187,2021-02-11 15:00:00,286,20,Bank Transfer,Completed
